cabrerajose@example.com;mVlCo;together
harrissusan@example.net;hjYhy;next
lukecrane@example.org;vEbhJ;necessary hold
alejandro97@example.org;qVPMc;wait
vgonzalez@example.net;kdJvL;beyond
ilee@example.net;jYaLQ;letter major
brandonlee@example.com;LxQdN;cost matter
jillianwood@example.net;XDFRb;like near
zwilliams@example.net;xwVUl;our
beardmatthew@example.net;DGMIR;how once
troygardner@example.org;SJKBa;what
hayesevan@example.org;CmIBT;surface source
lori20@example.org;qfKLt;authority according
jamesmoran@example.com;HPzAh;clearly leader
samanthajohnson@example.com;pybAD;woman
williamsdiane@example.net;noNGw;beautiful this
shanetrujillo@example.com;ovpba;whatever
herringkelly@example.com;fZbVH;occur work
brownkeith@example.com;xNyze;fine
cbrown@example.net;nGfsQ;student
jasonnguyen@example.com;KIgJl;hold science
lsloan@example.net;YvrpS;force city
mblair@example.net;PaoUs;low identify
panderson@example.net;Zxcmj;quality
kelly14@example.net;GIFQO;program
richardsantana@example.net;GEwZf;simply
ryanrodriguez@example.com;tqhkn;degree future
simmonsandrew@example.com;yRKGr;development
olara@example.org;GBhKf;other
graymaurice@example.net;mlqmE;road
bergercarmen@example.org;OgeFP;I
phillip50@example.net;GATVD;month offer
kristifarmer@example.com;zdZHv;great help
nicholas62@example.com;wZzaJ;your
tashablair@example.org;lOLIN;do decision
benjamin86@example.com;SZzKO;person
lisa48@example.net;lJeHj;child
eflores@example.net;LICdA;music clear
patricia33@example.net;ZuarZ;measure treatment
perrynicole@example.org;HexSx;mean
jjackson@example.org;mhZwT;attorney
ericablack@example.com;AlrPh;leg
jennifer44@example.com;LQtfH;put attorney
nerickson@example.com;cHBes;cup
megan86@example.com;TLAAk;attorney must
heidibrown@example.org;IFUfD;audience
roy31@example.com;UAdnc;subject
wrighttraci@example.org;Abbwv;everybody
joyadams@example.com;sjidE;task wish
imcmahon@example.net;xLSiM;green successful
barbara18@example.com;tEJIw;impact media
wjordan@example.net;IeAbX;western
michael22@example.org;ELcHv;rest
mwood@example.org;XhEUh;rest finally
jenniferfuentes@example.net;hSbhk;cause win
james38@example.com;vunCk;speak country
edwardperez@example.net;XMoGD;future
rodriguezdavid@example.com;IJYyu;these remain
carlsanders@example.com;TCXKF;cultural
sanchezyolanda@example.com;DRQez;bit during
courtneywilliams@example.org;yPHSn;five
nicoleritter@example.com;ThOZQ;near
davidhiggins@example.net;LHVyi;pay
schaefervanessa@example.net;SGaJJ;last local
heatherlee@example.com;DZnpU;hotel order
whill@example.org;QowZg;particularly
thomas58@example.com;xDLcy;middle
burnsnicole@example.net;vObXw;worker
patriciacox@example.net;RbYeZ;whose organization
robertcarr@example.org;FnRSQ;range new
jonesnicole@example.net;CmJQp;billion community
stacyscott@example.com;UgVYp;task
carrillobryce@example.org;EtrSz;them choose
zgarrison@example.com;FEowL;manager
rkennedy@example.com;sGEng;practice whatever
martin02@example.net;hQLGR;memory
yhardin@example.net;QmEXO;popular
greencynthia@example.org;uSLag;kind
mirandarebecca@example.org;ZPwao;campaign result
karen80@example.com;dfMQo;list
cshelton@example.net;vJXBQ;quickly
michaelreid@example.com;jvSQl;report chair
millerrobert@example.net;qHwyR;catch wrong
smithkayla@example.net;lTKuR;she
danielrussell@example.org;EQXcR;figure recent
blake05@example.net;kazAC;bill future
markgarcia@example.com;EMbcM;history
martinheather@example.net;EdmwV;decade
nle@example.org;Ycukk;arrive
ojacobs@example.net;fbEiA;generation
millercristian@example.net;iXyEi;current
xmiller@example.org;aCmwO;can
mharrington@example.net;smjYN;entire
rcooper@example.net;ILVKE;little give
terrancemitchell@example.net;FJrVa;institution art
charles33@example.org;DyGXC;admit likely
franciselizabeth@example.com;ExaAx;certainly
martinjones@example.org;UPaGA;make
barrettpaul@example.com;pgWiF;tax maintain
samuel48@example.com;LYeZb;well
brownwanda@example.net;KvDNq;network
brianmolina@example.org;cvklL;they per
dleach@example.net;nKyHQ;easy
jessicadavis@example.org;uUvWc;claim
davidreyes@example.net;KnVQp;much situation
daviscaitlin@example.com;cNdzL;state
nicole93@example.net;xuhaY;hundred
lcooper@example.org;oUeoC;market southern
linda55@example.com;fIwhM;usually
tthomas@example.net;lEdct;ahead thousand
jack53@example.net;MrjzB;why
mbentley@example.com;xJYqr;people
pbass@example.net;HaDWW;interest
rortega@example.com;knAyq;magazine
lisa47@example.org;Actnb;draw
jennifer17@example.net;rmPQQ;get top
andrewpeterson@example.com;jLKBd;side recognize
pespinoza@example.com;jGCxJ;help
jamie07@example.org;tiCPP;enter bar
angela94@example.org;TuoAm;term southern
jamesbrown@example.net;IRKIY;media
lhoward@example.org;jhsaR;main
cristianwright@example.com;iCQvP;base visit
hjacobs@example.org;OIrGF;structure throughout
scottzachary@example.com;tUqvW;language
kperez@example.org;XnhWZ;environmental technology
susanwheeler@example.org;kTuAX;recent
jennifer86@example.org;XKGEU;store
websterjohn@example.com;OERcB;plan human
rmanning@example.net;eTCrv;section could
kevin19@example.org;iAkpi;country cell
morrisdebra@example.com;BvDBf;would
kjones@example.com;diaLh;Mr doctor
kayala@example.net;yYmDE;better show
melissa69@example.net;ADAZY;high
andrew43@example.net;NHjAv;whatever
brittany69@example.org;RnNHV;suggest often
jscott@example.com;PQmEr;middle stand
xarcher@example.net;oNPht;imagine environment
traviscampos@example.net;GOPkM;minute teach
andersonrhonda@example.org;vqEWb;condition
michaelmcguire@example.org;xHxTQ;soon wall
wilsonjesus@example.org;VlMGD;attorney situation
williamsangela@example.net;xBgnr;food surface
bjohnson@example.com;FANzO;say style
cannonantonio@example.org;JsGkB;offer
simpsonpatrick@example.net;zQcRB;lawyer
aaron90@example.org;EdpdC;painting
jenkinsrodney@example.org;OAmtR;option
hooddaniel@example.com;oWWsK;enter wait
jay77@example.org;BeQlA;population perhaps
xhill@example.org;Xwbld;special floor
kristinvazquez@example.com;tqQCJ;different
mcfarlandbrooke@example.net;hzNpJ;necessary
carlsonsergio@example.com;KXQpQ;often executive
bcampbell@example.net;NhymJ;lot black
douglas03@example.com;HMEfE;reduce charge
matthewcontreras@example.org;wDBZv;south remain
xdowns@example.org;SakcR;including west
nelsontravis@example.org;aVCni;best
astark@example.com;Askwb;across
amanda18@example.org;ATHlZ;argue
wglover@example.org;gmTav;detail
veronicavance@example.net;CqxnT;nice above
mitchellmichael@example.net;ZZIMF;every always
williamsandrew@example.com;yAxpo;range true
jamesyoder@example.org;IyyKB;than
thompsonjeremy@example.net;LEYYW;despite
jeffrey27@example.com;oXIby;just
middletonsteven@example.com;bQNoJ;hit
alyssalong@example.net;QjiYu;fish military
morenochristina@example.org;tYEqM;participant prevent
dmata@example.com;ObyCw;tough news
pattersonamy@example.net;TJKmA;of father
mark15@example.net;SuULj;despite avoid
ian02@example.net;BTJUJ;well
velazquezjennifer@example.com;pkrJc;protect seem
andrew42@example.org;HenaS;ago
lwilliams@example.org;FTMDy;along eight
llong@example.net;XhXCP;anyone dinner
parkeric@example.com;NNLlA;like
brownryan@example.com;IAkHQ;trip on
elizabethclark@example.net;fhNum;but son
monique82@example.net;NrOWK;peace try
logan13@example.com;HdGLl;understand apply
chasekyle@example.com;iOBqD;become thus
fjones@example.net;UThCe;suffer
nicholsongregory@example.org;GKpas;check
melissawoodard@example.com;eCjng;receive
timothy91@example.org;aSXsA;detail
kfrederick@example.org;HjVnH;campaign rate
ojohnson@example.org;lbdiq;card total
debbiehiggins@example.org;eIpxH;until
greenrachel@example.com;fOoFU;while company
gabrielle32@example.com;DnAwv;suddenly
dixonsarah@example.com;pMiaB;suddenly they
codyrice@example.org;gDdnt;stand school
katherinegilbert@example.com;nhcin;beautiful such
boyletina@example.org;lLaPF;data
amanda43@example.net;ijbSr;clear shoulder
sstanley@example.org;uiBhO;ok
williamwaters@example.net;XJodZ;activity
thomas13@example.com;ikbjD;seat
qdecker@example.com;cGOmr;clearly
wilsonmark@example.org;OAWBZ;every population
bwilliams@example.net;AgEnc;section power
williamsmaureen@example.net;fDEtQ;onto
arthurortiz@example.com;wthfJ;middle
carol37@example.com;tXatB;resource hair
harriscatherine@example.com;LNnNd;think response
jimmy59@example.com;WFZPc;place executive
mackrachel@example.org;unnBn;range question
thomas89@example.com;MLyzW;drive
sarahtaylor@example.net;RNzrP;president
kirktroy@example.org;RXshR;in might
harrisluis@example.net;QFBXx;speech meet
randy24@example.com;DdBQz;indeed treat
sharpanthony@example.net;LRcRi;result
kevingreer@example.org;apAWW;try follow
scott78@example.org;IYVEU;improve season
walkerjonathan@example.com;xrblH;although
wallaceanthony@example.com;emjWb;four difficult
donaldhoward@example.org;Nkmew;analysis
kelleychristopher@example.net;wzEYl;her reason
gonzalesdavid@example.org;kPfxP;behavior
hamptongregory@example.net;gxrLF;Republican
sevans@example.com;aUEiV;apply
christopher40@example.com;ivvOA;plant become
steelejacob@example.com;twDTn;thus
stephaniethompson@example.org;tSgoS;situation
markmurphy@example.com;JvzuR;marriage
karen90@example.net;rAcAW;prevent team
villegasbonnie@example.net;ppmhD;ago
kayla90@example.com;OuNfG;research
philip18@example.com;ZjcLq;read provide
amanda43@example.org;dLPxg;property similar
olsenwhitney@example.com;dWgpq;factor
herringkimberly@example.net;RFrGG;later real
fvang@example.com;knTtx;edge
vcastillo@example.org;HzcoT;about
vanessa10@example.org;JIaha;could land
paynemelanie@example.net;VHiLT;product simply
jacquelinejones@example.net;aScMO;under similar
brownkaren@example.org;pqpMh;power result
autumn23@example.org;gFZkm;one every
brownlinda@example.org;CfaKO;would
wevans@example.net;bxqsx;trial feeling
andrewdecker@example.net;vTJCE;third four
sandy08@example.org;oFOOR;population
owensgabriella@example.net;vpdBZ;popular
smithjeffery@example.org;FMULw;try economy
michelle31@example.com;ZVXVz;front language
varnold@example.net;vnngd;record
rfrancis@example.org;mxRYh;under painting
henryherrera@example.com;cMQwG;spring
xmurphy@example.org;aJvoG;interest
xburns@example.net;wGodD;civil chair
nguyenrobert@example.net;tNORx;radio old
kayla94@example.com;XhXzg;clear
emorgan@example.com;iQXSz;strategy
garciaandres@example.com;gccXL;tonight friend
richardramirez@example.com;YAHiu;material play
bward@example.org;HLJoS;weight
bwalker@example.org;ymlhw;once
lgill@example.net;Ogiog;rock
kellymartinez@example.org;zeRju;blood
archerjames@example.net;MNaKU;method
roger35@example.net;YINlD;section upon
zhumphrey@example.net;DlEGL;rest
parkerconnor@example.com;GjgyJ;music
dennispaul@example.com;QRGoa;letter way
aaron48@example.org;NMDOk;dinner
imiller@example.org;vrKhN;there campaign
ywarren@example.net;fBISm;far sister
danamarshall@example.org;Vmwrc;right
vchambers@example.org;cHdag;of
heathermiller@example.net;Phrme;customer none
jeffrey63@example.com;vJtwG;turn open
allison88@example.com;cgJfo;medical
llarson@example.net;eauiU;none
kylegamble@example.org;ZfWFG;future
shawjesse@example.com;uDhCE;how newspaper
kara10@example.com;UVhmU;every
nicholas38@example.org;MOzAw;along seat
dfox@example.com;GrePH;range amount
jasonrowe@example.com;JUMBE;bring tree
matthewflores@example.net;CFpjc;building hold
peter13@example.org;jLhLR;then human
samuellopez@example.org;vkmLY;reflect charge
xmclaughlin@example.org;jFZLP;only side
olewis@example.com;VkPlY;deal treatment
robertjones@example.com;AOcvE;place today
kmartinez@example.com;buENN;among
rjones@example.com;vaFMF;fall community
david38@example.com;pkwEs;space money
nward@example.net;whxhc;be
bgreen@example.com;BiZzL;girl account
yhancock@example.org;cslcF;draw
jennifergoodwin@example.com;Vgttf;test
amberrichards@example.org;kMcRa;chance
kroy@example.org;UMHfb;government
hross@example.com;IjNfw;good
tdavis@example.com;RvmrE;reveal
smithmichelle@example.com;yUgXe;wrong surface
heather65@example.net;yYOIA;us
angelabrown@example.org;LuODx;attention
hmontoya@example.org;PlOKQ;law
alison80@example.com;kXgqt;production management
brettschaefer@example.org;OhVxA;own
rachelhendricks@example.com;CaZmI;environment
vancebrian@example.org;XTWmK;huge million
jessica00@example.com;EwBPD;within catch
mware@example.org;KhMco;hot only
felicia43@example.org;spDUl;look
kristie44@example.com;lNWTg;simple board
rboyle@example.net;ZhVsf;PM
heathersolomon@example.net;tXsnm;can step
william02@example.org;iAeEz;face
zachary81@example.org;ubxtw;each sort
david69@example.com;RAIxL;though while
levitaylor@example.org;qRYrQ;change
travisthomas@example.net;hDfmk;upon
jenniferdavis@example.org;PjCxY;notice
patricia89@example.net;EPpeZ;people fine
cooknicholas@example.com;VUEae;figure wish
frank02@example.net;StzhN;finish
cohenlisa@example.org;nbgPN;some tough
darrellmurray@example.net;cyQyR;sign
traceylopez@example.com;JhlSv;difference plant
heather72@example.org;COmBr;cost
porterjames@example.org;DWXAI;reality six
lisadavis@example.org;guNiE;experience law
odavidson@example.net;lnlHF;stuff war
jasonsanchez@example.org;yHSiC;measure who
curtisharrington@example.org;qcsxB;street
theresarodriguez@example.net;uQuQH;he
rachelcontreras@example.org;XDsYJ;how
riverakimberly@example.com;tVzUx;prevent
colleen47@example.net;zVtlB;teach impact
watsonbrian@example.com;PMJrc;involve true
tonyalester@example.com;RXgmA;room
santanarobert@example.com;mQRml;American arm
vgrant@example.org;qFWpo;exactly
tiffanygreen@example.net;ulteA;development
cassandra68@example.net;dmBhz;other money
rebecca10@example.com;RULbu;plan
amanda53@example.com;jBCmB;by
robincabrera@example.net;PNtpq;room
ashleygross@example.com;ZsShz;morning night
amy54@example.net;hBgmA;able
lucas18@example.net;FmZEy;opportunity last
sjohnson@example.com;zzqGz;executive lay
angelaevans@example.org;bSVpB;charge edge
mcdanielkelsey@example.net;RWnAf;poor
victoriamurray@example.com;DOjSS;discover natural
gonzalezrachel@example.org;JFrQi;purpose single
jenniferterry@example.net;HTaiP;physical
wheelerkatrina@example.org;xcgIH;drug
annamills@example.org;iYxhK;but
kramirez@example.com;eqsjE;especially pay
bbailey@example.net;aIkoZ;if
williamskristin@example.com;lPbBc;check thought
margaretbuckley@example.com;dMFbo;never TV
matthew67@example.org;wTsqV;design sometimes
changkathryn@example.com;ubtTf;future
krystal33@example.com;NRFdS;us admit
bennettcarol@example.com;ayxHy;student
vreed@example.com;pdPwn;away
edwardsmichael@example.com;cEchV;PM
millsjames@example.com;YjPqC;deep price
dylangarcia@example.net;eikqA;key actually
bturner@example.net;KbRtU;until law
bgarrison@example.com;VQKbi;imagine
shawn93@example.org;rfBrc;him available
gturner@example.org;YRSwj;save strategy
jenniferwalker@example.net;RtEnt;imagine interest
montoyaemily@example.org;fBhbH;great
troywalker@example.org;lGojS;career item
wnash@example.org;dFNPp;entire
howen@example.com;bjdbl;new
brian88@example.net;MDLGb;painting
robinsmith@example.net;WyNqX;activity
knightjohn@example.net;zJBvY;travel
lowejason@example.com;PQgSV;they
susan24@example.net;MRzqM;national actually
joseturner@example.com;qCWxA;positive
garciamichael@example.com;uYeAf;executive
christopher69@example.com;fZvLs;history foot
angela38@example.org;yUaUp;Republican
vincentlouis@example.net;vzcft;discussion Mr
foxdustin@example.org;zzYQY;meet
qwood@example.net;YdZLX;believe land
johnny70@example.net;fwzHa;economic director
carlagoodman@example.org;EQKZo;plan
dkemp@example.org;lrcKm;culture
acalderon@example.com;fGFND;good
uchan@example.com;ipKoO;road cause
millersara@example.com;wmStR;beautiful
hhernandez@example.org;zGqsP;here road
cynthia98@example.org;NuuSF;peace
kbutler@example.org;hOXtr;ground
kramerkrista@example.org;yoAvj;such
walter07@example.net;fBwSn;three affect
karen79@example.org;YwxfI;present though
kristinastokes@example.com;vRUoK;what
ncervantes@example.org;Iaohw;life young
masonamanda@example.com;Mbcog;law
cflores@example.org;oryLL;here apply
martharay@example.org;ByhWQ;current
aprilarroyo@example.org;VRERw;walk even
pmckinney@example.com;kSVbt;could
barbarachambers@example.com;ibmbu;around
awiggins@example.net;EPMqJ;those dark
carol68@example.org;nJMUX;window
lewisdaniel@example.net;gqlUU;product likely
johnsmith@example.net;Nwcwk;modern clearly
jamescoleman@example.net;WqWzG;win
eramos@example.com;Eczom;performance
christian86@example.net;ELYkz;father believe
lmartin@example.com;rldwo;senior
ray52@example.net;mXQvB;service whatever
bryan91@example.org;EAzQZ;small once
seth62@example.com;ZvPgI;wind
pchapman@example.com;PPgek;suffer
cruzandrew@example.net;BEUYS;painting
jbutler@example.net;YufHI;drive admit
tracy98@example.net;AcImc;laugh sometimes
justin30@example.net;UhOLK;case
melissaramirez@example.com;WTQYs;close
jacksonjoshua@example.com;fgcia;stand wall
christopherduncan@example.net;zVWTP;level audience
thomas56@example.org;hAYGX;specific
bhill@example.org;YLlsX;perform cover
dawnmiller@example.com;NrvdF;note
stonejustin@example.org;rUIlG;benefit
anthonycook@example.org;EehZB;believe yes
wanda05@example.org;AHvnp;glass collection
joneshenry@example.org;yRZoZ;ball
karenjohnson@example.org;FqkqE;ahead school
michaeldeleon@example.org;GaBlF;around share
reedbrooke@example.org;pbLqU;soldier science
greensamantha@example.org;prkhf;thank
carlsontracy@example.org;JxcsZ;song
zlittle@example.com;FfKDj;couple
wpowell@example.com;MtYYc;weight
dawn58@example.org;yKDHx;almost race
robert56@example.net;EXdLC;leave
ivelez@example.com;DyUso;under professional
ewalker@example.org;Oftic;than movie
meganray@example.com;cdPLm;end even
brandon17@example.com;vYYsN;smile
xjones@example.net;nrpWE;especially west
elizabethryan@example.com;JxxhK;right
lukeperry@example.com;qEeNx;similar
keaton@example.net;TzeaE;according
jennifer27@example.org;hdHDY;impact send
ashleyhernandez@example.org;dfDNR;over sport
johnharmon@example.net;iosZu;option level
gutierrezaaron@example.org;ZYZRU;list
ugeorge@example.net;dPTXJ;exist various
jamiebrown@example.com;ZnYpZ;way control
duncanlori@example.com;zEvit;against
pphillips@example.com;aIWFQ;mind support
tbrown@example.net;XDSME;general else
rickeysmall@example.net;Ybeti;appear
phamchristopher@example.org;wIdVl;sing while
mstanley@example.com;TOcKL;the
taylorrodriguez@example.net;JjENN;leave music
khansen@example.net;oactj;general
heatherwolf@example.org;VWbPS;allow adult
ronald30@example.com;QBDxD;individual people
dustinwilliams@example.org;QNrdS;first son
tblankenship@example.com;sUMlR;outside raise
michael49@example.com;CJzKC;main contain
montoyajennifer@example.org;wmyTq;tend
micheal72@example.org;icCCh;among
rebecca49@example.com;kCIKx;society
tricialambert@example.org;ZpgVe;rather determine
butlerphilip@example.net;Hcgdv;I
frank47@example.net;FEWeF;picture PM
kelseymckinney@example.org;SUOIG;four laugh
louiszimmerman@example.com;SGBtv;a never
hgray@example.net;LLzLo;person that
latashamiranda@example.net;vtfGx;very house
beancassidy@example.org;MGIcW;major
franklin14@example.com;Nymxn;coach
meyersdiana@example.net;qAAei;future
john10@example.net;iBkiF;lose black
jeffreylamb@example.com;zeYvJ;indicate
claudiagamble@example.net;SVcmu;none
chenfrank@example.com;BCZzu;recent
vcoleman@example.net;hNazL;store
jonathan59@example.net;iMnNq;number whole
davidsimmons@example.com;TmbRL;these
penny16@example.com;lXire;fear
bmayer@example.org;USDxm;ability
ryanritter@example.com;BeSQw;television policy
alexanderstewart@example.org;RvRme;health may
matthewsbrian@example.com;tJOTa;anyone stay
cruzjuan@example.org;KybPd;next
glenn05@example.net;jUBjw;single
nmays@example.net;umuBi;young
brivera@example.net;wzoio;specific left
carriewilliams@example.com;LdKfh;light
wilkersonjennifer@example.org;iGVUi;risk
robert50@example.com;uPSCn;month pretty
denise32@example.org;gwwLm;hour magazine
sthomas@example.com;SaOSj;government
amy13@example.org;xPPdK;stay
millerchristine@example.org;UpNdj;wind
hallpatricia@example.com;FwHAO;have north
kyle96@example.org;pLduK;perhaps
cookjoshua@example.net;BZhXw;break
christine91@example.com;KJLfL;career
rachael90@example.com;BhIQB;heart international
christiansims@example.com;mXZsQ;those
elizabeth63@example.com;xroSx;note usually
lperez@example.net;PFJhv;support
zachary19@example.com;gcJVG;item fast
burnettstacy@example.com;vtlOp;little
spencerclark@example.com;FjPdN;hundred
rhonda54@example.net;TlvAS;also
cochranmichael@example.net;UVVhx;class
cwhite@example.net;IibKu;term
gary35@example.org;PysAt;tonight discuss
jcohen@example.com;GSzLD;cost allow
benjaminwallace@example.org;GJUVU;chair child
lindseysmith@example.net;VDKbO;help soldier
rjohnson@example.org;fXSSu;last loss
erica90@example.net;fQawk;money
katherine92@example.org;ujJvJ;detail camera
hendersonjoanna@example.net;ikcIS;board
julieoliver@example.net;gVhGV;recently at
phillipslaura@example.com;zhuHW;structure might
wjohnson@example.net;oLCdZ;continue
stonetanya@example.net;eMNuY;oil machine
nancy50@example.org;CJNQt;stock catch
jacksonlucas@example.com;Qonon;instead
carterlisa@example.net;Fzswz;detail police
vturner@example.net;Uggiq;seek big
parsonsmatthew@example.org;NtfeZ;to despite
ymeyer@example.org;zWjdR;read
cory55@example.com;zlyWW;yard
bradleyedward@example.net;jDxSM;ability
deborah52@example.net;VMGgP;model popular
ashley78@example.com;JAemw;along heart
zsanchez@example.com;fRuPz;analysis minute
karafoley@example.net;FZtZF;television seem
ricky30@example.org;mCHFA;draw
frobbins@example.org;euBmW;medical
justinyoung@example.com;eaXAB;administration role
theresagoodwin@example.com;cZjUI;remain
linda57@example.net;WguZh;guy
joseph44@example.org;UnPKF;old condition
wwilliams@example.org;FbEyq;movie
chasegary@example.net;tTTkG;off
mzuniga@example.com;uGkKR;thing
amyharmon@example.org;GqlYf;lose top
lori14@example.net;wvkQJ;country some
jchavez@example.com;BQYyJ;thought from
juliarobinson@example.net;kuxTO;blood
morgan07@example.net;kEgXW;form
andrewcline@example.com;gxCLa;simply
william24@example.net;yYdGc;fear
davidmccormick@example.org;IifhK;nearly analysis
sharondorsey@example.org;SDUXy;quickly city
mrodriguez@example.net;thzSj;our expert
adkinssarah@example.org;gOJLB;month
travis00@example.net;jFDtY;recent team
michaelhawkins@example.net;BIyAq;arrive
marie13@example.com;tgoWN;term think
stephaniehooper@example.com;kyqsQ;career effect
kanderson@example.net;kAbNL;fact
taylorjohn@example.com;lSSOf;meet mission
shawn21@example.org;ZLNGW;democratic
yvasquez@example.org;KLpRZ;indicate economy
kristy31@example.net;WFyCX;still
stefaniebarrett@example.net;pcdjS;democratic
veronica91@example.org;NKMWc;course lose
holly47@example.com;AUbMy;follow authority
vincent06@example.net;srqTe;pick week
mariahgalloway@example.com;AhboE;attack
nicholasadams@example.com;JywYH;decide fill
otyler@example.com;XzXLM;seven main
alison36@example.com;ALHpI;message
gdorsey@example.net;pzIfn;fight
pproctor@example.org;ZnuHk;outside can
katie43@example.net;LiBgf;simply music
thomasevans@example.net;DglAu;fast
christopherschroeder@example.com;HHLZd;above bed
mwilkins@example.com;rMdvD;week
sellersjustin@example.org;aDOva;power perhaps
melody85@example.org;jZiDV;worker it
williamlane@example.net;SCdUE;point newspaper
justin18@example.org;LEytF;notice exactly
nealsteven@example.net;PStIY;tough
halldeborah@example.com;WdXlI;cultural clearly
john41@example.net;BeQaC;deep all
tiffany81@example.com;jofLx;half
jacqueline72@example.org;NZdkW;out
allisonryan@example.net;IzxCJ;include five
hernandezangelica@example.com;OKgwI;worker
jgriffin@example.net;mIqtT;what
nicholsonjustin@example.com;fFnxk;simply which
piercemark@example.com;LHLSm;she trial
donalddillon@example.net;PozKr;without whose
zmedina@example.net;QdCxu;million energy
ronaldkoch@example.net;UGFoR;style
morristina@example.org;zqUTR;good
newmanjeremy@example.net;UoYWg;nation bank
humphreyjeffrey@example.org;heQWO;pay father
matthew19@example.net;CCxiE;data gas
xhensley@example.net;xmNiW;marriage interview
kelly25@example.com;ApvDz;back
floydkimberly@example.net;cLsQa;difference our
jacob59@example.net;wlenH;rest
nicole48@example.org;kcUui;moment air
rrobertson@example.com;hdDoB;region form
mary53@example.net;pBTLh;poor season
robertford@example.net;QVnRs;scene
brightrachael@example.com;PZJDA;receive election
rowemichael@example.net;fSqcw;once then
molly48@example.org;TiNmW;here
crobbins@example.org;wmvlX;charge data
ortizdavid@example.net;hKlMK;full
nschmitt@example.net;FeZYN;agency
garrettkelly@example.com;ZAoYn;business raise
thomas56@example.net;MdZbX;treatment
richardblack@example.org;HvSAg;class any
belldesiree@example.net;SQwuO;perhaps speak
nicole87@example.net;LqZgR;race nor
emorris@example.net;lxRGf;suggest
regina68@example.org;JGlTe;get
lawsonmichele@example.net;RmzLZ;certainly stand
hayley64@example.org;EPjFK;structure seem
jacobmiller@example.net;CSwyy;total
travis14@example.org;zMeIh;low contain
mlester@example.com;XnCTA;write
ryanponce@example.org;uVMfn;off sign
rpugh@example.net;QJZrx;structure point
katherineatkins@example.org;HiQDD;theory music
burkedouglas@example.com;JrpQp;event tonight
shannon84@example.net;YcAFi;raise
matthewhaas@example.org;hSaoa;window
todd42@example.com;sylpQ;easy happy
brentfranco@example.org;wjqlZ;happy west
emily26@example.net;viTlF;nothing thus
ohill@example.net;srOUk;side little
danielsimpson@example.com;EfmCD;nice find
smithamanda@example.net;UwWFo;I which
frank66@example.net;aLHLa;factor
joshuaallen@example.net;zmvah;nice development
lynchchad@example.org;VsFSm;life lot
ggibbs@example.com;RhJFp;western per
cynthia13@example.org;lbfuK;present
rwilson@example.net;hqfqo;yeah record
robert28@example.com;XWMca;film
hannah66@example.com;yVmYH;police perform
laura35@example.org;dljah;shoulder
erindavis@example.org;hoZnc;idea
richardcampbell@example.com;jYgkn;lead artist
xyoung@example.net;hOhWH;my
qdunlap@example.net;vukRI;piece
wphillips@example.net;tnrbo;something box
pramos@example.com;ZopJu;great talk
allensandra@example.net;UwsEl;drug
macdonaldelizabeth@example.net;pgOdt;career popular
dunnjennifer@example.com;CotGT;measure
bmartinez@example.org;kIcJq;serve
rscott@example.com;aoWTV;field
rbarnes@example.org;VBWJb;radio
usanders@example.com;HHOfo;ahead its
ichase@example.net;mpflZ;particularly high
justin14@example.com;uBWZH;against ball
websterdaniel@example.net;mbsBY;moment
adamsrachael@example.com;VvKdS;record
kennethpace@example.com;odpup;prevent company
angelaroberts@example.net;dakmd;itself
alexandervasquez@example.com;kJKBH;product sing
wagnerbrett@example.net;GXBVt;world
zbell@example.net;RPTtN;center
pauldennis@example.net;xCFOT;beautiful effort
stevenhansen@example.com;cpykg;identify would
clarktracy@example.com;fCifC;next spend
glee@example.org;xUggn;skin bank
lwilliamson@example.org;FdjDq;history north
rachelrowe@example.net;MFNXy;still
davisgabrielle@example.net;CxJzP;Democrat against
melissa99@example.net;VylUa;art
rileyandrew@example.com;RuSiJ;raise work
dixonsean@example.com;UvanF;wife collection
michael62@example.com;pzemm;employee before
brownchristie@example.net;JBHBh;hand need
millermichelle@example.com;wlgoS;black affect
castromelissa@example.net;LRoKI;too phone
swansonpeggy@example.com;gziKm;management
elizabethlynch@example.com;WWdlG;blue son
melinda24@example.org;oUUWA;grow
charlesbyrd@example.com;Zoezj;read
ryan22@example.com;HmUDT;beat
bellgregory@example.net;nnrGQ;trial
annapage@example.org;PhAcS;though several
vanessarivera@example.net;BFSpD;approach
freemanpaula@example.net;QJICq;cup arrive
hubbardcynthia@example.com;ojbHu;respond PM
omar36@example.net;qiaCo;easy
jordan16@example.com;wdobq;cup seem
lopezbrandy@example.com;xQrwx;about
mrobertson@example.com;XteUD;executive have
kwood@example.org;CkppX;feeling say
brandon07@example.com;ozkWe;bit
brandonpope@example.com;lmTLA;see
jessica58@example.com;eBKxx;exactly
christianwright@example.org;NlMsp;stand baby
howard29@example.org;INaSv;down
gerald88@example.org;mXkPX;program policy
lisajohnson@example.net;cAKCi;throw fight
karen39@example.com;QDUls;system forward
gavin68@example.net;ESVqf;somebody
jessica43@example.net;GHKBO;remain enter
nicholas27@example.org;lLcst;the single
thomaslori@example.com;Yamse;sport
williamsstephen@example.com;UWPFE;including
michaelgreen@example.org;UbOib;middle
brian02@example.net;ukdWf;kind along
charles56@example.net;hwxHR;key
williamhutchinson@example.org;gwbBC;follow though
vdeleon@example.org;qswJi;practice set
stricklandjames@example.net;IJjoP;citizen
walkersteven@example.org;uwkhR;never
shelia06@example.org;nFMXN;else
jason72@example.net;gbmOz;measure
sanderskathleen@example.com;qwibA;century phone
msmith@example.org;QVuuZ;seek
hadams@example.net;jXPja;area
amy98@example.org;QaVmS;after light
douglasbarrett@example.com;JhJbN;four street
sscott@example.net;ANHcU;still
amandabanks@example.net;YMXKz;bag every
rebekah52@example.net;vKClJ;sit race
yangjames@example.org;TvqRK;southern number
marquezkristina@example.org;SGKtE;who within
iadams@example.net;yzSsK;hand happen
julie76@example.org;SYrEn;thank
jameschapman@example.net;gnoIF;Democrat seat
david54@example.com;Jgoml;first
melendezmadison@example.com;TkJuG;official listen
ashleygonzalez@example.net;jGiWy;interest event
gscott@example.com;mrXAW;color even
townsendjanice@example.net;QPtIk;discover decision
smithgregory@example.net;KJnQg;radio
marieturner@example.org;FlAFf;us
lisahicks@example.com;GGOtu;in
jyoung@example.net;qbSLh;itself design
forbesjoshua@example.net;vhcFp;professor down
nataliejohnson@example.net;egUsM;subject
mikaylamoore@example.net;WULXL;hot American
molinavictoria@example.net;xloEB;hit
gwilkins@example.net;WYhrk;training college
david44@example.org;IcmKA;officer
wallacejoseph@example.org;lCaMG;there
michaelcurtis@example.org;hOoMK;city
smejia@example.net;ukWFi;would skin
alexandramorrison@example.com;mrMlh;represent
justin32@example.net;fjZgI;lay before
phillipskelly@example.net;CPXjz;poor green
saundersdeborah@example.net;FGmuO;since need
xanderson@example.org;vauFv;make
craigbishop@example.com;mGZcG;set herself
erika34@example.net;fesMw;late
doughertyholly@example.org;nZrtI;country
petersenjacob@example.net;KSRCE;meeting
chad74@example.net;abDdI;evidence
thancock@example.com;UQgew;campaign
mitchellkyle@example.org;iwbTN;stay
bethany00@example.net;YAswi;commercial sound
gwhitehead@example.com;vMgLV;natural
nicolegarrison@example.net;TsBDi;man
qhanna@example.org;WwAvv;government project
cramirez@example.org;xWVTG;middle range
kayla16@example.com;Lrpkn;alone
joseph84@example.org;HJlQA;on large
nichole28@example.com;OxhCW;protect
courtneyblevins@example.org;QfEDD;unit remember
sbranch@example.org;YNZhj;like financial
whiteangelica@example.net;TOkzm;small
vmiller@example.com;TMCGM;determine often
irogers@example.org;bKCMT;feel action
robertperez@example.com;ajTGA;throw
qreynolds@example.net;FNZMg;guy
maldonadosean@example.org;uOaEX;return song
mlevine@example.net;qEewo;Democrat television
ryan64@example.net;TTHBY;stop
amberparks@example.org;qHzii;quality
cynthiamartin@example.org;LGGAr;room next
cameron93@example.com;KSKpi;into
wbarry@example.net;RHeaW;shoulder movie
jonathanmoore@example.net;HHjKS;wife move
leahmorgan@example.org;zDtqJ;oil
ybrown@example.net;Prcnb;student area
hingram@example.org;XjUYL;spring important
georgesanders@example.org;GpWVq;this
kyle58@example.net;vWRnK;ever
brentbaker@example.com;cbvxu;property
tyronehensley@example.org;AfVMa;painting instead
jamesdyer@example.net;KSzDe;figure others
colemanronald@example.com;zjLYQ;red
megan99@example.net;hIXfr;Democrat
heatherward@example.org;eQBga;per
williamssean@example.com;YBZUk;foot
edwin06@example.org;zZeHD;recognize occur
brewergary@example.org;FKQGU;fill would
chanbrandon@example.com;lGVzC;market final
tstone@example.net;aQLTN;a child
wcampbell@example.org;LOqLI;action few
jennifer34@example.net;dNPFD;raise
mjohnson@example.org;DNHJy;marriage standard
espencer@example.com;IthOI;city
williamsheather@example.net;oFtgP;teacher
katherinecarlson@example.net;GGzIh;organization
courtneyhayes@example.net;QVOXx;modern statement
saunderscrystal@example.com;kLbbq;town
cdrake@example.com;ZDFOc;politics worker
melissa44@example.net;gntwP;smile
lgarcia@example.net;wkjeq;behavior
alexandersmith@example.org;QvTeL;break
daltonlori@example.org;HOPnD;PM performance
kari03@example.com;coSIM;someone
crystal68@example.com;AgPPb;baby
dannybrown@example.com;lTmHx;or even
jonesjustin@example.org;Wvmqp;avoid
randywright@example.com;GEVzX;social
sandramoreno@example.net;ikODE;maintain
rsanchez@example.org;oZWYl;ok
andrew03@example.com;ZsGfV;but present
elizabeth75@example.net;IMoUv;real
mcintoshtheodore@example.org;okkWf;husband see
franciscoward@example.net;rFRvG;size radio
michelemclean@example.org;xHXOQ;position
lindseycoleman@example.net;dOFMp;top college
caldwellmichelle@example.net;yDUzB;wonder public
nguyendaniel@example.net;HbkwK;raise
rjennings@example.net;SOCKW;traditional almost
hgiles@example.com;TwhnY;recently truth
juliapeters@example.com;WRvem;program
robinperez@example.org;KLKZw;girl
schen@example.org;ZdyxU;Mr fast
ehenry@example.org;uVDsl;beyond
kesparza@example.org;PCRqP;all
ericlong@example.org;aEKyg;fine blood
yrodriguez@example.org;xTymM;way
morriselizabeth@example.org;vvCVk;pretty organization
randy96@example.org;bFVHb;too
wrightkelly@example.net;IpVjK;act
brett23@example.com;ycdqi;hair
sonyajackson@example.net;fXshS;serious sure
sarah15@example.org;FvaOg;TV unit
zjohnson@example.com;erdRf;sea less
jonesdavid@example.com;ZxriW;tend front
brodriguez@example.com;zrdQo;remain
jimenezwilliam@example.org;zczim;positive
malloryflowers@example.net;TtJqm;take
trujillodebra@example.net;QXHXw;beautiful middle
donna25@example.net;RCCXL;big
kelly12@example.org;SHRPp;reveal
rogersmichael@example.org;FOrMH;rock
jcarson@example.net;iGrcT;woman perform
katelyn94@example.org;OAOvm;claim the
christina63@example.com;MPsyV;strategy
scott41@example.net;LaAlq;administration floor
theresa06@example.org;XDuTA;use improve
hoganmark@example.org;omCZj;million
xpowell@example.com;EGbzT;marriage
jamesharrison@example.org;xFnnz;action
markbeck@example.org;VCdrS;choice
leeharper@example.org;TUoHy;drop off
grayjennifer@example.com;rRIAU;front month
jamesjohnson@example.org;IERve;marriage however
joshuaporter@example.org;BKkhx;yes morning
xboyle@example.org;WxmiS;admit
gregoryrodney@example.org;cuUsM;view
emmamiller@example.org;NQYAv;argue gas
ganderson@example.org;fobtN;check democratic
benjamin57@example.com;FrARw;write far
joshua04@example.net;CFgtw;their
hflores@example.com;ZPcOf;whom record
allen48@example.com;PJFmP;mention technology
carla52@example.org;OpjRX;apply
mitchelllaura@example.org;hFyea;worry
david53@example.net;BHfTs;walk gas
uhenry@example.org;gALWE;American exactly
andrewtaylor@example.net;CIcWG;all energy
jacob70@example.org;vrMkx;see development
rwalker@example.net;LKlZM;official us
meghan90@example.com;sdUeo;ready financial
hernandezthomas@example.org;RXIgl;draw
wcastillo@example.net;mXXSE;your away
beverly87@example.net;tBXCe;economic
khenderson@example.com;WJThg;figure
zanderson@example.org;HxWhF;our
daniel20@example.net;GReYJ;little offer
qmills@example.net;BEPCQ;above different
robertaguilar@example.net;zYSyF;third
hernandezlaurie@example.com;qZnGq;dog system
georgewheeler@example.net;whJFz;partner phone
shaun43@example.net;wxoMJ;authority
danielbaker@example.com;Ohnbm;season style
aaroncrawford@example.net;QmZhQ;culture
nichole04@example.net;apKsG;particular with
cberger@example.com;BuBHd;entire fill
hvasquez@example.org;InVTv;ball reflect
blynch@example.org;tKQMA;teacher majority
angela48@example.com;TNGby;event many
kellyanderson@example.org;DRNfP;push realize
jennifertaylor@example.org;DZLpn;series
palmerkevin@example.com;PsbIW;role
cthompson@example.com;AaUXV;report into
thomas89@example.net;ooejw;call dream
trujillomark@example.com;aCNKD;want cold
kevinwebb@example.org;QJNuq;decade
williamschad@example.com;iVCdh;yard study
matthew75@example.org;taCtg;relationship
christina86@example.org;bQXxa;you its
dmartin@example.net;dMtqd;fish
thomaschapman@example.net;mnOqm;really side
kevincarr@example.com;RsYSV;physical
heidi23@example.com;HLPNC;quality
alexandra97@example.com;HmmmI;score agreement
gabriellacrawford@example.org;YsvyK;since single
arivera@example.net;okpvL;though
moransabrina@example.org;DEhVx;score
traceypowell@example.net;fhyXw;everything
derekwright@example.net;EryCU;because build
barronjonathan@example.net;SczqW;past sit
connor82@example.net;nhGWY;difference
greenstephen@example.net;eLWPR;day
edwardsnatalie@example.org;JLrlX;few safe
gcline@example.com;xXaGA;operation blood
medinawilliam@example.com;BarhF;expert government
pinedamorgan@example.com;NgiyX;size
lsmall@example.net;LJuXP;task
perezkathryn@example.org;GFtSz;ready yard
johnowens@example.net;ozVmZ;he street
andrewrivera@example.net;oTlZe;detail ball
michaelmichael@example.org;zmYqh;chance fire
fphillips@example.net;qchoB;sense
carriediaz@example.com;PYoQz;process character
stacy60@example.org;GmusL;can
leonard94@example.net;AacBJ;close remain
chungsusan@example.com;agKNS;among ten
tiffany11@example.org;VtWEl;somebody stock
luissmith@example.net;SDcnj;rather since
jonescarolyn@example.org;mydGS;west
lking@example.net;WVWDd;people believe
michael30@example.net;RzuIz;sense seem
jeffreyvillegas@example.net;cUUXQ;think
mfreeman@example.com;wcxNv;create
usanchez@example.com;fcZHc;past his
chrisingram@example.com;VsIVJ;list music
martinezbrianna@example.org;pfEfb;act
kkelly@example.net;oNRJr;relate
ifuller@example.org;cyviR;fact information
jonathan36@example.net;nPndV;day commercial
cheryl13@example.com;Glaos;join
duncanerica@example.net;XSTor;produce
williamsonamber@example.com;bzGsD;yeah politics
whiteheather@example.net;kNgLF;campaign
ycole@example.com;Lvbdv;page daughter
nicholassnyder@example.com;sCbDJ;continue everybody
larry18@example.net;shlwS;arm
pdickson@example.net;hGMiJ;big Congress
cameronperkins@example.org;bgHcM;after
zbranch@example.com;hfIPd;happen rich
reynoldsbrenda@example.org;YFflj;difficult someone
bedwards@example.com;vQQHP;art
kbaird@example.com;ISYAC;impact government
sydney62@example.org;EkkZf;but person
alam@example.net;wuCDw;idea
destinystone@example.net;habft;should
jameslittle@example.com;JPQes;report manage
kentpatrick@example.com;qNtNR;entire
ktaylor@example.net;IyMPn;within mind
qanderson@example.net;YCumg;two
bsmith@example.net;NxRvO;one
smithadam@example.org;WZRFz;yourself
jsharp@example.net;AXiYr;season walk
aaron06@example.net;XmSvK;deep speak
sarah59@example.com;GjRnO;suddenly
wanda98@example.net;yexOS;culture
johnwalker@example.org;PQirw;they
connorporter@example.com;pvSuH;really war
levinepaige@example.org;yiWNz;carry focus
nguyenheather@example.com;AdNKY;appear
smithjustin@example.net;NIvne;or section
johnsonamanda@example.com;nOYWF;suffer long
jennifer77@example.net;banOF;city way
pachecoashley@example.org;yWNKS;board account
cheryl65@example.com;Txiar;movie
michaelharris@example.com;LJYMK;any
jessica95@example.com;gFMfm;season PM
