Sullivan, Ruiz and Foster:88312 Pacheco Shoal Apt. 080:35702:49227374:Sullivan, Ruiz and Foster
Martinez-Gutierrez:70298 Russell Burg:76090:3817984:Sullivan, Ruiz and Foster
Walsh PLC:9242 Ray Plains Suite 690:36068:825375:Martinez-Gutierrez
Berger-Ward:01387 Harris Glens:75895:6189735:Walsh PLC
Ryan and Sons:92958 Crawford Valleys Suite 202:59711:96105656:Martinez-Gutierrez
West-Black:352 Reese Vista Suite 394:37760:97166556:Berger-Ward
Williamson, Lang and Wong:4564 Ashley Highway Suite 511:77925:81786350:Martinez-Gutierrez
Santiago PLC:1091 Amy Landing:67600:26803734:Ryan and Sons
Davis-Braun:722 Barrett Stravenue Suite 467:44217:73612928:Martinez-Gutierrez
Sanchez, Thomas and Hunter:895 Gomez Fields:89123:27837576:Martinez-Gutierrez
Shelton Group:77677 Taylor Creek Suite 070:31673:83378948:Santiago PLC
Gonzalez-Davis:1403 Tyler Passage Suite 940:41621:63913589:Gonzalez-Davis
Ross Inc:960 Ross Plains Apt. 598:94104:43990431:Shelton Group
Roberts Ltd:8496 Tyler Dale:80475:87971313:Ryan and Sons
Ross PLC:17823 Johnson Orchard:54632:52572364:Sanchez, Thomas and Hunter
Mason Ltd:8013 Amber Dam Suite 694:53526:9562981:Sanchez, Thomas and Hunter
Peterson, Williams and Walker:7180 Petersen Stravenue Suite 620:57703:98818292:Williamson, Lang and Wong
Howard-Acosta:47686 Alyssa Meadow:54498:20856881:Santiago PLC
Weber-Valenzuela:16372 Brewer Lake:51867:37497250:Howard-Acosta
Williams-Howell:5795 Lamb Skyway:64981:11371569:Martinez-Gutierrez
Paul, Franco and Grant:693 Yoder Hollow:97820:76657267:Ross Inc
Shelton, Alvarado and Pierce:3182 Nicole Oval:52896:62880511:Peterson, Williams and Walker
White-Stephens:662 Nichols Station:39053:63699189:Peterson, Williams and Walker
Johnson-Long:49618 Ball Shores:68490:67232305:Ross Inc
Dixon, Williams and White:2478 Kelsey Road Suite 169:83936:54414642:Ross Inc
Scott Inc:92338 Freeman Rapids Apt. 617:33196:35847578:Gonzalez-Davis
Summers Ltd:21483 Emily Flat Apt. 055:88464:20822058:Johnson-Long
Ball-Strickland:7999 Tammy Mills:44424:92266555:White-Stephens
Harris, Camacho and Sloan:058 Dennis Falls Suite 552:45080:12422428:Summers Ltd
Ryan, Holloway and Alvarado:570 Strickland Flat Suite 734:35537:84561098:Scott Inc
Farley Ltd:814 Angela Flat:34667:91576920:Sullivan, Ruiz and Foster
Wright-Smith:2555 Paul Forges:90435:79268683:Ross PLC
Escobar PLC:50121 Garcia Orchard:83299:24751575:Williams-Howell
Wilson-Moses:78172 Kaitlyn Points:99495:45337262:Harris, Camacho and Sloan
Meyers Ltd:5278 Meza Rapids:41491:96949402:Gonzalez-Davis
Garcia-Patel:1776 Zachary Land Apt. 004:72265:74557335:Mason Ltd
Campbell LLC:3428 Wood Shoal Suite 650:42711:16226310:Roberts Ltd
Aguilar Ltd:4110 Jones Canyon:83683:50604528:Mason Ltd
Thompson-Brown:889 Lisa Port:72685:39506209:Davis-Braun
Davis PLC:03131 Bowman Viaduct:63414:46723578:Howard-Acosta
Anderson Inc:1797 Thomas Union Apt. 354:79567:54201331:Santiago PLC
Estrada, Thomas and Woods:62079 Serrano Points Suite 094:40727:95665066:Aguilar Ltd
Trevino LLC:97364 James Via Apt. 615:55414:95046896:Aguilar Ltd
Kidd Group:30602 Rodriguez Mountain Suite 820:37566:72983785:Shelton, Alvarado and Pierce
Tucker, Peck and Schneider:90412 Pamela Garden Suite 723:46960:99781997:Howard-Acosta
Gibson, Hahn and Morris:49695 Jonathan Drive Apt. 539:53435:70360174:Davis-Braun
Stewart-Smith:170 Preston Land:88664:88390111:Paul, Franco and Grant
Allen-Spears:99966 Sanchez Walks Apt. 294:61255:52196348:Estrada, Thomas and Woods
Thompson, Martin and Chavez:31814 Kristie Extensions Apt. 316:85339:16235851:Peterson, Williams and Walker
Cooper-Ramos:32205 Gillespie Forges Suite 257:96966:40873623:Ryan and Sons
Henson Ltd:122 Davis Fort Apt. 206:93589:10758872:Ross Inc
Lowe-Collins:03789 Kimberly Inlet Apt. 189:41781:91640186:Stewart-Smith
Hill, Moore and Jenkins:4885 Brian Plaza Suite 587:50188:36867078:Thompson-Brown
Hart, Thomas and Frye:20836 Soto Estates Suite 085:58786:92733863:Stewart-Smith
Gordon, Randall and Mcmahon:5662 Heath Isle Apt. 782:37472:249822:Williamson, Lang and Wong
English, Ward and Graham:22884 Debra Station:93044:3573656:Hart, Thomas and Frye
Lambert, Grant and Flores:7287 Sara Rue Apt. 355:82668:35576174:Garcia-Patel
Kidd Ltd:53001 Barber Corners:56027:12711282:Shelton Group
Myers-Solis:6079 Hoffman Motorway Suite 906:53585:24778161:Williams-Howell
Warren Ltd:4675 Lee Pike:34267:92191765:Martinez-Gutierrez
Cain-Lopez:254 Harris Mountains Suite 321:84179:64048499:Ball-Strickland
Jones, Morris and Scott:9867 Alan Mount Suite 759:64701:52318562:Hart, Thomas and Frye
Garcia-Trujillo:3145 York Creek Suite 756:66695:1822787:Peterson, Williams and Walker
Wyatt PLC:85351 Wendy Brook Suite 341:52714:25901886:Wyatt PLC
Molina-Williams:22748 Perez Point:60278:19710768:Sullivan, Ruiz and Foster
Johnson Inc:69018 Christine Circles:68434:72048449:Gibson, Hahn and Morris
Hodge-Moore:4621 Kevin Isle:70990:45440645:Molina-Williams
Bentley, Oliver and Wallace:44110 Miller Island:46229:21342020:Walsh PLC
White, Stuart and Stewart:9821 Davenport Rue:74517:54535611:Walsh PLC
Montes Inc:37034 Richard Cape Apt. 193:40775:13929849:Wilson-Moses
Wilson Ltd:2299 Cisneros Track:74302:53883406:Allen-Spears
Martinez PLC:330 Carter Place Apt. 093:60887:15532134:Santiago PLC
Mills-Jordan:0210 Julie Crescent Suite 695:71374:245586:Wright-Smith
Jackson-Russell:15335 Lindsay Mount:71042:15714410:Peterson, Williams and Walker
Haynes Inc:84226 Joseph Lights Apt. 875:64257:68342466:Howard-Acosta
Kennedy, Fisher and Hill:17101 Harrison Meadow:45997:93819982:Haynes Inc
Carr, Baker and Duke:74624 Smith Flat:49858:76095435:Davis-Braun
Fernandez, Murray and Hanson:54676 Harris Camp Apt. 297:75641:97459564:Jones, Morris and Scott
Miller and Sons:824 Carter Ford:96530:86546796:Davis-Braun
Walters, Abbott and Delacruz:5428 Vincent Knoll:50831:58466788:Paul, Franco and Grant
Smith, Mccormick and Gregory:23784 Stephen Rapids:87960:97567357:Peterson, Williams and Walker
Bartlett, Craig and Spencer:4003 Kelly Village:43514:39692753:Gordon, Randall and Mcmahon
Gray-Jackson:31516 Dana Views:65707:44643226:Gray-Jackson
Stewart Inc:978 Emily Mission Suite 529:30474:70570880:Johnson Inc
Jackson, Brown and Foley:5795 Tiffany Extension Apt. 513:36211:45268150:Allen-Spears
Moreno Ltd:5138 Thompson Extension Apt. 565:99410:45257884:Moreno Ltd
Murray Ltd:625 Conley Isle:54955:91209089:Stewart Inc
Rodriguez, Simon and Brown:981 Shaffer Island:55406:36770189:Kidd Group
Miller-Jones:4882 Chad Causeway Apt. 670:32551:12761367:Gray-Jackson
Hernandez, Price and Goodman:526 Kline Groves Suite 658:78377:3011748:Johnson-Long
Mcgee-Patel:036 Nicholson Estate:92811:2310125:Gonzalez-Davis
Ortiz-Cooper:354 Thomas Road:81320:81452009:Davis PLC
Jensen Ltd:26744 Wang Oval Apt. 885:52682:29809654:Haynes Inc
Salazar-Smith:4198 Edward Glen Suite 295:73295:30300207:Bartlett, Craig and Spencer
Osborne, Ward and Walker:475 Terri Lake:80194:23068020:Walsh PLC
Rodriguez-James:245 Wiley Wall Suite 539:79410:452882:Stewart Inc
Carrillo PLC:9095 Stewart Rapids:78181:7720712:Rodriguez-James
Pierce, Walker and Washington:10692 Fernandez Path:57553:61541790:Henson Ltd
Banks LLC:518 Andrew Plains Apt. 067:92155:12265737:Lambert, Grant and Flores
Serrano-Osborne:833 Jessica Glens Suite 390:42867:74395028:Carrillo PLC
Ruiz, Lane and Lara:2914 Nicole Mountains:65431:85394169:Tucker, Peck and Schneider
Villarreal, Wright and Scott:659 Jessica Brooks:65215:73631101:Martinez-Gutierrez
Burke PLC:27403 Myers Manor:61364:2617061:Mills-Jordan
Williams Inc:11612 Vazquez Roads:47252:61487124:Kidd Group
Lamb-Cruz:61961 Moore Spurs:89799:88797801:Mills-Jordan
Green Group:07761 Laura Glens:93610:46935197:Banks LLC
Allison, Crane and Villa:78682 Brown Trail:33242:62629455:Green Group
Cardenas Inc:020 Mccann Track Apt. 060:55192:96578870:Wilson Ltd
Sawyer, Hoffman and Page:862 Lisa Estates Suite 183:32609:75777129:Williams Inc
Meyers, Dixon and Lawrence:209 Patricia Plains:82214:89658770:Shelton Group
Reyes-Ayala:1970 Melanie Plaza Apt. 503:61344:19677499:Santiago PLC
Bell and Sons:7865 James Light:38741:86918960:Howard-Acosta
Lee, Watkins and Henderson:005 Dunlap Springs:50648:72870119:Bartlett, Craig and Spencer
Kim, Haynes and Brown:0287 Lee Isle Apt. 049:78036:59806137:Hodge-Moore
Ochoa Inc:7126 Elizabeth Stravenue:55074:90584855:Farley Ltd
Cruz, Mccarthy and Rubio:9158 Romero Shoal Apt. 616:62873:8496143:Sawyer, Hoffman and Page
Brown, Pearson and Sharp:98928 Cassandra Islands Apt. 006:70969:49146597:Jones, Morris and Scott
Morton-Clay:15641 William Crossing:48461:98998139:Hodge-Moore
Ellis Inc:98248 Alexander Prairie Suite 455:42113:88552856:Ross PLC
Gibson Group:943 Brown Falls:57864:66937674:Hodge-Moore
Collins, Bartlett and Edwards:28928 Frederick Squares Suite 202:48707:27612150:Lamb-Cruz
Kim-Armstrong:91508 Conner Wells:95933:47170103:Garcia-Trujillo
Ryan Ltd:346 Stuart Plaza Suite 758:90066:53081801:Ochoa Inc
James Inc:45907 Brittany Landing:39415:87790916:Bentley, Oliver and Wallace
Anderson Ltd:6723 Samantha Station Apt. 629:75833:73493376:Osborne, Ward and Walker
Thompson-Gray:961 Christopher Square Apt. 383:96975:15267127:Roberts Ltd
Jones, Johnston and Kelly:567 Erik Cliffs Apt. 469:85148:59190963:Kim, Haynes and Brown
Owens PLC:46875 Michael Ports:99787:13056071:Collins, Bartlett and Edwards
Massey, Long and Clayton:31268 Lopez Bypass Suite 027:54934:66440940:Ross Inc
Brown Ltd:69612 Rollins Mountain Suite 530:66248:77240241:Estrada, Thomas and Woods
Gray PLC:89102 Todd Grove Apt. 204:67386:48365328:Allen-Spears
Smith-Gonzales:4493 Barbara Fields:59349:89715069:Carr, Baker and Duke
Myers-Aguilar:7057 Myers Mews:80403:41397986:Escobar PLC
Hampton, Andrews and Walters:89514 Cannon Fords:75563:41087160:Wilson Ltd
Freeman Ltd:121 Crawford Passage:74449:63045413:Walters, Abbott and Delacruz
Brown-Taylor:30600 Cruz Cove:83912:65415804:Kidd Group
Griffin-Price:450 Alvarado Fort Apt. 345:43205:96291126:Tucker, Peck and Schneider
Gonzalez PLC:7861 David Lock:56998:19008768:Ryan Ltd
White-Shea:6523 Derrick Manor Suite 213:59097:97569852:Ryan and Sons
Lopez, Mccoy and Peters:7543 Carter Stream:49370:57391872:Davis-Braun
Pruitt Group:098 Patrick Trail:47009:67494750:Roberts Ltd
Harrell Inc:1080 Adam Club Apt. 756:39336:34609192:Anderson Inc
Beasley LLC:7232 King Forges Apt. 233:55494:2058192:Meyers Ltd
Anderson Group:039 King Lake:84101:22989891:Collins, Bartlett and Edwards
Campbell, Burgess and West:9890 Ana Meadows Apt. 729:51845:40909552:English, Ward and Graham
Hernandez, Hanson and White:24955 Tammy Points:33678:22906639:Warren Ltd
Rogers Inc:651 Jennifer Ports Suite 301:73794:83999522:Mason Ltd
Wells, Castillo and Briggs:4385 Winters Haven Apt. 284:44538:70740163:Morton-Clay
Hickman, Bradley and Weaver:641 Johnson Vista Suite 257:92599:84486380:Myers-Aguilar
Phillips, Phelps and Wilson:073 Kenneth Ridge:33526:71965866:Wilson-Moses
Hall-Floyd:353 Jill Cove:76769:38000999:James Inc
Irwin, Hatfield and Rush:93880 Melissa Summit Suite 429:93690:11154264:Gonzalez-Davis
Rowe Ltd:8294 Ali Estate Apt. 853:59254:73637167:Miller-Jones
Gordon, Franklin and Green:3819 Anna Mall Suite 268:45257:47843332:Freeman Ltd
Sanders-Mendoza:454 Nathan Meadows:60695:52864598:Gray PLC
Long-Ho:712 Virginia Wall Apt. 519:93733:10206700:Mason Ltd
Lopez, Hale and Rowland:280 Clinton Wells:57098:95271616:Gray PLC
Holland Group:4265 Miller Stream Suite 653:97884:68553675:Ryan and Sons
Heath, Terry and Adkins:87083 Hester Alley:99201:57724431:Shelton, Alvarado and Pierce
Diaz, Bates and Espinoza:03710 Walsh Canyon Apt. 167:96030:91841119:Green Group
Schmidt PLC:0480 Mccall Plains Suite 572:67321:11739210:Williams-Howell
Benson Group:4541 William Passage Apt. 039:62639:57981767:Ball-Strickland
French, Mckinney and Price:395 Jennings Spring:82444:13072292:Villarreal, Wright and Scott
Johnson LLC:02234 Jack Manor Suite 614:65911:41944834:Hart, Thomas and Frye
Tran, Everett and Sullivan:945 Lowe Vista Apt. 213:65812:63839088:White-Shea
Roth, Branch and Powers:27175 Anthony Rest Suite 993:91206:53167303:Wilson Ltd
Schwartz-Lewis:80761 Martinez Islands:97315:93757241:Peterson, Williams and Walker
Garcia, Marshall and Hudson:34696 Katie Lakes:97569:34365859:Gibson Group
Hobbs Inc:0571 Payne Union:97591:70882155:Pruitt Group
Braun-Jenkins:9978 Adams Forest:93582:51206553:Scott Inc
Harris and Sons:5382 Clayton Summit Apt. 255:78113:89542937:Williamson, Lang and Wong
Hayes-Stafford:502 Joyce Plaza Apt. 112:96063:52731704:Murray Ltd
Morgan PLC:50115 Dylan Springs Suite 595:57038:28810247:Campbell, Burgess and West
Avila, Ortega and Owen:100 Kevin Bypass:44703:39136857:Allison, Crane and Villa
Suarez PLC:56589 Smith Brooks Suite 176:74643:43266194:Gray-Jackson
Johnson-Moore:524 Richards Dale Apt. 584:78891:42563309:Stewart Inc
Smith-Velasquez:450 Kathleen Corners:50663:42630360:Harris and Sons
Martin-Harris:15738 Rasmussen Center:58340:89756595:Diaz, Bates and Espinoza
Bennett-Carpenter:95765 Marissa Coves:53485:4131523:Diaz, Bates and Espinoza
Mcdaniel Group:2315 Travis Road:81382:65956487:Tran, Everett and Sullivan
Thompson-Garcia:575 Mathis Plaza Apt. 437:39117:19944056:Trevino LLC
Morgan-Randall:9779 Meghan Viaduct:78927:30920190:Gonzalez PLC
Miller-James:4394 Rivera Cape:79218:96828056:Estrada, Thomas and Woods
Sanchez Group:639 Timothy Ridge Suite 113:94835:30996697:Gibson, Hahn and Morris
Jones, Dickson and Curtis:3080 Hoover Mills:63723:97460329:Miller-Jones
Daniels-Griffith:217 Ruben Mountain Suite 436:96753:38200001:Tran, Everett and Sullivan
Fitzgerald, Perkins and Watkins:4575 Aaron Keys:39806:56959585:Garcia-Patel
Rice Inc:8034 David Rapid Suite 461:48829:12534424:Campbell LLC
Meza, Thompson and Holden:105 Tina Forks Suite 658:63980:87507551:Ochoa Inc
Espinoza, Henry and Gonzales:7249 Gomez Port Apt. 674:75861:28942824:Allison, Crane and Villa
Williams and Sons:473 Michelle Well:80523:85798085:Espinoza, Henry and Gonzales
Wood LLC:44886 David Station:76894:75554130:Ortiz-Cooper
Rosario-Hall:04342 Douglas Spur:53119:79431948:Anderson Inc
Watson-Le:948 Michele Fort Apt. 075:50903:40413870:Owens PLC
Roberts PLC:675 Lopez Ports Suite 467:74084:38829506:Jones, Dickson and Curtis
Stark PLC:126 Benjamin Ramp:87545:77031210:Cooper-Ramos
Parker LLC:44952 Julie Spring Apt. 281:33884:29873710:Ryan, Holloway and Alvarado
Gonzalez Ltd:21582 Steven Common:55273:6056459:Reyes-Ayala
Davis, Rose and Mcintyre:36486 Kenneth Drive Suite 084:73936:10777391:Johnson-Long
Rivera Ltd:7191 Michael Tunnel Suite 577:74653:65718048:Harris, Camacho and Sloan
Richards Inc:7552 Leslie Estate Apt. 992:36848:20537755:Miller and Sons
Hernandez-Barnes:4530 Hall Centers:93962:74960048:Sanchez, Thomas and Hunter
Gray, Clark and Mays:7288 Sarah Orchard Apt. 212:38605:24334766:Fernandez, Murray and Hanson
Jackson and Sons:643 Vazquez Junctions Apt. 539:54072:16546042:White, Stuart and Stewart
Beck-Franklin:9327 Robert Falls Apt. 126:76038:62401773:Cruz, Mccarthy and Rubio
Wilkins Group:3083 Erica Vista Apt. 732:56865:92685515:Summers Ltd
Hurst, Mcintyre and Smith:1080 Singh Plains:38863:31936371:Jackson, Brown and Foley
Newman-Jones:2997 Valerie Meadow Apt. 269:31891:72553520:Benson Group
Martin, Booth and Brown:0990 Hopkins Lane Suite 494:31451:20731561:Hampton, Andrews and Walters
Barton-Wright:799 Jamie Isle Suite 476:73790:77811563:Sanchez Group
Roberts-Khan:1740 Arthur Drive:54224:85466506:Davis PLC
Carter, Johnson and Franklin:052 Kim Fords Suite 356:89186:74953718:Kim, Haynes and Brown
Mendez-Krause:3194 Emily Court Suite 278:77401:73554134:Johnson-Long
Brown-Stewart:032 Amanda Branch Apt. 800:35923:46537842:Henson Ltd
Sweeney Inc:940 White Centers:64093:49285522:Kim, Haynes and Brown
Moore-Smith:246 Charles Station:64342:76826080:Freeman Ltd
Russell, Phillips and Sparks:973 Lee Mount Suite 176:83291:99061464:Gonzalez Ltd
Alexander-Wilson:576 Dickson Radial:74785:58337990:Diaz, Bates and Espinoza
Miller-Mitchell:13080 Deborah Place Apt. 191:67482:84142339:Brown-Taylor
Holt-Coleman:987 Perez Courts:85158:61837067:Warren Ltd
Walters, Owens and Holt:3925 Griffin Key Apt. 217:89310:4881748:Berger-Ward
White Ltd:52971 Amber Street Apt. 649:70889:73639805:Cooper-Ramos
Crawford, Freeman and Rice:931 Nancy Vista:70346:31103153:Aguilar Ltd
Garcia, Bentley and Barnes:6503 Joseph Freeway:74955:27271270:Paul, Franco and Grant
Burton Inc:678 Kim Loaf Suite 040:35492:78492863:Sweeney Inc
Noble Inc:4876 Gross Lake Apt. 251:94900:98730123:Williams-Howell
Wallace Inc:132 Santana Park:65704:36078974:Reyes-Ayala
Brooks-Summers:55323 Baker Shoal Suite 362:93345:40854409:Crawford, Freeman and Rice
Evans, Thompson and Camacho:365 Moyer Keys:39819:84167836:Molina-Williams
Atkinson Ltd:7847 Boyd Ways Suite 484:54893:51672534:Roberts Ltd
Austin Inc:063 Amanda Divide:95531:63878846:Lee, Watkins and Henderson
Lin Group:595 Green Drive Apt. 776:46435:6628220:Sweeney Inc
Harris Inc:2610 Jarvis Manors Suite 721:38503:10137401:Gray PLC
Wolf PLC:4236 Alison Burg:35987:65949484:Pierce, Walker and Washington
Green-Phillips:8751 Paul Junctions:79777:91393044:Rivera Ltd
Evans, Mclaughlin and Carroll:87136 Jeffrey Lights:55592:66940426:Hernandez, Price and Goodman
Mitchell Ltd:390 Pamela Points:42762:92766021:Haynes Inc
Morrison Ltd:2117 Thomas Valleys Suite 716:66659:86098673:Bartlett, Craig and Spencer
Novak, Turner and Wallace:867 Pollard Creek:97518:36173115:Lowe-Collins
Rogers-Hampton:98718 Anna Estates Apt. 106:59551:96012010:Meyers, Dixon and Lawrence
Scott, Suarez and Watson:14533 Ashley Roads:77968:84434933:Anderson Group
Roberts, Dunn and Smith:91566 Susan Crest Suite 806:34632:23141384:Brown Ltd
Perkins and Sons:2609 Laurie Mount Apt. 498:46695:67406240:Harris and Sons
Copeland PLC:462 Lynn Locks:52657:65789836:Williams and Sons
Romero-Herring:43801 Taylor Mill Suite 478:92041:97980787:Harris, Camacho and Sloan
Scott Ltd:7026 Brandon Glens Apt. 229:68935:72733618:Gonzalez Ltd
Young-Young:1609 Richard Tunnel Suite 496:38644:9758208:Ryan, Holloway and Alvarado
Acosta-Wilcox:971 Johnson Mountains:62967:73219985:Pierce, Walker and Washington
Norris LLC:177 Peterson Ranch Apt. 945:69153:87709565:Berger-Ward
Johnson, Glover and Snyder:8672 Myers Ports Apt. 919:73830:50028888:Weber-Valenzuela
Peters-Pollard:735 Griffin Terrace:69830:37404305:Shelton Group
Crawford-Young:511 Alec Ridge:73449:76872633:Johnson-Moore
Ellis, Brown and Williams:172 Gregory Falls:70362:78458530:Walters, Owens and Holt
Grant LLC:5774 Melissa Lakes Suite 819:40012:37990758:Braun-Jenkins
Bradley, Jones and Mann:052 Anderson Village Apt. 679:69547:37964041:Lin Group
Hart-Thomas:12341 Johnson Ridges:76484:80381007:Williams-Howell
Baker-Rodgers:470 Elizabeth Junctions:33949:83425462:Meyers, Dixon and Lawrence
Lopez-Griffin:38410 Justin Keys Suite 320:67896:82379680:Beasley LLC
Nelson, Anderson and Walls:786 Ashley Estates:41841:68478560:Salazar-Smith
Myers-Foster:4695 Ronald Extensions Suite 052:89446:56896414:Jackson, Brown and Foley
Moody, Wilson and Murphy:9960 Hobbs Hills Suite 454:67883:36957285:Davis PLC
Barron, Ford and Johnson:1047 Timothy Plaza Apt. 808:86829:95188724:Grant LLC
Norman, Davis and Garcia:054 Alyssa Parkway:86422:7120799:Nelson, Anderson and Walls
Carter, Martin and Nixon:83587 Patrick Bridge:75835:2271192:Kim-Armstrong
Nichols PLC:489 Lewis Turnpike Suite 759:64638:10646961:Thompson-Gray
Holder Ltd:6349 Stout Cape Suite 531:95685:84640477:Murray Ltd
Nguyen PLC:9932 Martinez Tunnel Apt. 812:79580:5290256:Kidd Ltd
Powers-Howard:1454 Jennifer Ferry Apt. 301:61928:1311824:Davis-Braun
Rodriguez Group:7468 Scott Flats Apt. 366:37493:50429433:Garcia, Marshall and Hudson
Jones, Riley and Tanner:258 Rodriguez Islands:53142:46800915:Berger-Ward
King and Sons:60929 John Falls:81045:50542393:Escobar PLC
Hoffman, Moyer and Blackwell:788 Brian Trace:98851:50672831:Atkinson Ltd
Spencer-Wilson:871 Cindy Camp Suite 112:98533:79711123:Ochoa Inc
Moore Group:506 Scott Roads:73583:85296194:Massey, Long and Clayton
Bell, Lynch and Conner:95862 Shelton Crossroad Suite 487:97786:12277937:Shelton, Alvarado and Pierce
Marshall, Wolf and Griffith:742 Mcdonald Turnpike Suite 546:86289:43227511:Gonzalez-Davis
Mckee Inc:9514 Miller Mountains:31610:78030397:Lopez, Mccoy and Peters
Petersen-Harrison:170 Michael Loaf Apt. 657:65976:83373595:Garcia-Patel
Murphy, Garcia and Dorsey:918 Timothy Mills Apt. 249:83128:76231560:Hickman, Bradley and Weaver
Conrad-Norman:58463 Hogan Harbor:33839:35453319:Young-Young
Young Group:369 Rodney Prairie Suite 093:70658:91314218:Walters, Abbott and Delacruz
Cain PLC:1360 Thornton Groves Suite 245:83141:58712990:Beck-Franklin
Porter Ltd:66051 Love Parks:83808:80185114:Wood LLC
Walker-Goodwin:418 Wilson Summit:99004:33272804:Anderson Ltd
Lloyd PLC:221 Michelle Forest Apt. 776:99077:45017115:Williams-Howell
Lynch-Grant:56495 Matthew Shores Apt. 698:56529:59045542:Hart-Thomas
Gardner, Gill and Klein:697 Wood Haven Suite 943:61862:48842965:Mills-Jordan
Smith LLC:21843 Hamilton Harbor:36691:51789280:Howard-Acosta
Gonzalez, Manning and Martinez:597 William Turnpike:48317:11293849:Brown, Pearson and Sharp
Boyd-Martin:346 Michael Hills:53995:49895724:Harris, Camacho and Sloan
Salazar-Good:42122 Anthony Centers Apt. 239:65964:12890775:Miller-Jones
Jones-Meadows:5081 Smith Fall Apt. 769:65140:76380112:Ellis, Brown and Williams
Burton, Smith and Daniel:8288 Rebekah Manors:98795:25103865:Sanders-Mendoza
Wilson, Schneider and Wallace:25528 Bell Park Suite 405:64272:11204980:Morrison Ltd
Ramirez, Hernandez and Reid:68080 Williams Crest Suite 311:47851:12183986:Sanchez Group
Jacobs, Huang and Butler:9737 Joshua Road Suite 317:72631:16319184:Atkinson Ltd
Hall-Morse:760 Ana Lock Apt. 610:52275:91685262:Kidd Ltd
Long, King and Anthony:3512 Brendan Flat:36952:32713770:Roberts-Khan
Bonilla, Hebert and Peck:776 York Divide Suite 593:92192:28132136:Williams Inc
Ford-Graves:55717 Jose Heights Apt. 526:55361:23238034:Boyd-Martin
Patterson Group:520 Jeffrey Court:64871:43580609:Sawyer, Hoffman and Page
Hall, Bradford and Smith:0938 Perry Place Apt. 135:35604:39633457:Serrano-Osborne
Ochoa Ltd:382 Thompson Gardens:44126:16173156:Norris LLC
Duran LLC:6054 Frank Expressway:89131:28285437:Miller-Jones
Smith-Phelps:27729 Torres Gardens:68687:17096039:Gardner, Gill and Klein
Padilla-White:8963 James Union:63342:74120459:Bennett-Carpenter
Wu, Reynolds and Butler:2674 Ebony Squares Suite 475:75626:54127165:Pierce, Walker and Washington
Curry-Williams:6580 Randolph Mission Suite 030:56246:54471150:Salazar-Good
Webb-Green:94915 Hines Islands:77157:71747622:Brown Ltd
Williams, Martin and Henry:8148 Sydney Ferry:73744:36407536:Mcdaniel Group
Rivera-Hall:313 Mccormick Hollow:58718:21998964:Howard-Acosta
Torres PLC:55369 Jeffrey Inlet:38444:39346848:Rogers Inc
Mendez Inc:74072 Powell Road Apt. 047:56442:70336534:Gonzalez-Davis
Brown and Sons:6598 Melissa Drive:40910:23291592:Young-Young
Jacobs, Foster and Obrien:71941 Jonathan Motorway Apt. 796:63286:68875423:Gray PLC
Scott Group:803 Carlson Terrace Apt. 747:47921:12746280:Rodriguez Group
Brown Inc:6411 Patel Haven Suite 807:40728:20082089:Nguyen PLC
Johnston-Foster:266 Melanie Village Suite 039:51753:79427732:Young Group
Bates Inc:918 Evans Lodge:73661:23885332:Parker LLC
Fuller Inc:041 Hanson Ridge Suite 072:40160:26671755:Barton-Wright
Walton, Mason and Lynch:3008 Derek Walk:81194:64166682:Lynch-Grant
Rivera, Sanders and Long:5327 David Loaf:54534:90234893:Gonzalez, Manning and Martinez
Galvan and Sons:72814 Guzman Mall Apt. 779:36734:50437782:French, Mckinney and Price
Jones Ltd:870 Russell Hollow Apt. 645:43461:76393450:Tucker, Peck and Schneider
Palmer-Mayo:880 Martinez Coves Suite 443:87292:36109553:Rosario-Hall
Miller PLC:15211 Clark Inlet:76267:90704984:Acosta-Wilcox
Graham, White and Willis:205 Bush Tunnel:35725:85050998:Tran, Everett and Sullivan
Burton-Terry:567 Cooper Unions Apt. 393:97263:25465088:Wyatt PLC
Schwartz and Sons:761 Thomas Estates Suite 764:33136:46912727:Powers-Howard
Dunn, Williams and Garcia:40646 White Radial Apt. 582:48613:78044421:Mcgee-Patel
Jones-Garrett:6940 Karen Locks Apt. 384:75884:19029918:Brown and Sons
Phillips Ltd:7421 Robinson Heights Apt. 740:63633:75484736:Jackson and Sons
Reynolds-Adams:7606 Miller Coves:64181:43823169:Hill, Moore and Jenkins
Adams, Smith and Evans:4274 Nancy Ramp:60629:41884211:Morrison Ltd
Robertson-Graves:441 Erin Causeway:89753:94650216:White-Stephens
Fuller and Sons:3975 Justin Heights Apt. 470:31669:16979889:Hayes-Stafford
Woodard-Quinn:839 Jensen Curve Apt. 556:85963:53449049:Woodard-Quinn
Erickson-Schwartz:42493 Jerry Drive:70552:34817795:Mcdaniel Group
Turner, Campbell and Henderson:05813 Janice Plains Suite 422:44364:1848011:Hart, Thomas and Frye
Cameron, Bradley and Hall:3609 Isabel Vista:44145:55855820:Graham, White and Willis
Ortiz, Hutchinson and Lopez:54590 Munoz Court Suite 124:76521:14501516:Jones, Morris and Scott
Robinson, Chavez and Shaffer:70461 Vaughn Neck Suite 251:60110:19933197:Mills-Jordan
Smith, Cooper and West:3519 Jennifer Dale:60912:46615603:Banks LLC
Dalton LLC:5424 Jennings Coves Apt. 778:32531:65709575:Fernandez, Murray and Hanson
Henderson and Sons:880 Diane Village:83056:18179196:Ellis, Brown and Williams
Porter, Gross and Nolan:029 Garner Course Suite 714:77086:56272817:Young Group
Williams-Ross:352 Brian Port:64165:11531853:Ryan Ltd
Case-Rivera:10828 Julie Locks:51385:69527348:Hickman, Bradley and Weaver
Morgan, Smith and Lutz:3290 Robert Islands Suite 360:99926:13526742:Jones, Dickson and Curtis
Meyer, Cook and Thompson:91674 Neil Corners:43150:82532756:Robinson, Chavez and Shaffer
Reyes, Garcia and Palmer:49582 Malone Springs Apt. 787:35401:93086588:James Inc
Cole-Mayo:2531 Debra Plaza:40726:98066995:Garcia, Bentley and Barnes
Lowe LLC:48525 Lindsay Court Suite 819:60460:9156746:Brown and Sons
Tucker-Rose:26327 Snyder Vista:46323:36820581:Atkinson Ltd
Thompson-Jenkins:74589 Wilson Rapids:35969:87881102:Ross PLC
Rodriguez-Mcdaniel:2357 Tom Lake:81575:61135686:Miller-Jones
Turner-Smith:039 Brian Pine:90454:47256623:Johnson-Long
Moore Ltd:235 Reese Motorway:42398:52741190:Henderson and Sons
Wolf-Russell:980 Baker Streets:89540:47321079:Wolf-Russell
Walker-Tyler:79882 Travis Square:32211:54072209:Austin Inc
Adams, Stokes and Blanchard:39917 Farley Drive:78607:85966358:Salazar-Good
Delgado Ltd:9473 Johnson Common:43563:86407610:Ryan and Sons
Ayala-Andrews:430 Hall Viaduct Suite 386:90226:35751298:Weber-Valenzuela
Burke, Green and Clark:0729 Anthony Harbor Suite 470:48143:53808471:Stewart-Smith
Black, Pope and Gomez:202 Daniels Haven:61580:17096404:Montes Inc
Ashley and Sons:18195 Joseph Mills Suite 960:74371:6266042:Cardenas Inc
Burch-Carlson:46164 Salazar Mountains:85215:98788960:Ellis Inc
Pugh Inc:191 Dana Knoll:61636:81963738:Nichols PLC
Bates Ltd:7131 Tanner Oval:58132:20826938:Turner-Smith
Garcia-Owen:16596 Gina Summit:98269:17236067:Martin-Harris
Torres-Reyes:47428 Nguyen Court Apt. 068:43671:78530116:Johnson LLC
Lee-Jones:20503 Macdonald Mills:97653:64704037:Stewart-Smith
Mendez-Singh:80044 Mendez Spur Suite 092:41282:62717850:Lee, Watkins and Henderson
Olson, Williams and Wilson:1394 Robert Street:71171:76519914:Porter Ltd
Wood, Maldonado and Hayes:5060 Stephen Glen:57797:37077023:Schwartz and Sons
Mendoza, Burns and Carr:64584 Cheryl Run:85511:30072526:King and Sons
Hill, Parsons and Lowe:495 Charles Ferry Apt. 546:94866:40698807:Mckee Inc
Dunn, Wells and Jacobs:5290 Chambers Branch:47846:27710177:Dixon, Williams and White
Foster-Maldonado:083 Price Road Suite 270:40459:55482225:Evans, Thompson and Camacho
Chavez-Adams:5852 Robert Divide Apt. 406:67415:32000437:Salazar-Smith
Coleman, Wolf and Hubbard:5889 Tiffany Cove Apt. 566:35368:1216728:Bentley, Oliver and Wallace
Petty, Sherman and Butler:910 Jacobs Prairie:65631:41017378:Tran, Everett and Sullivan
Salazar-Huynh:62940 Jason Hollow Suite 516:69289:11272405:Ellis Inc
Moyer, Mitchell and Boyle:9386 Cole Walks Apt. 223:67243:35840355:Johnson-Moore
Grimes, Wheeler and Turner:616 Chapman Ranch Suite 108:88775:45236489:Walton, Mason and Lynch
Avery-Gordon:17574 Perez Forges:56566:32461655:Suarez PLC
Atkins, Elliott and Vaughan:682 Rachel Lock Apt. 987:93361:56918205:Burke PLC
Johnson, Gray and Dawson:961 Romero Road:76221:11899199:Ross PLC
Clark-Robertson:592 Amy Freeway Apt. 454:73573:93225414:Burton, Smith and Daniel
Smith, Barajas and Burgess:0603 Jack Curve:40884:87621897:Wilson-Moses
Schmitt-Smith:85173 Hart Club:68104:92145841:Allison, Crane and Villa
Lewis, Hopkins and Becker:5558 Craig Landing Suite 584:58975:86223444:Turner, Campbell and Henderson
Burke, Butler and Smith:232 Jason Extension:85574:56170466:Walsh PLC
Jones PLC:3737 Connie Common Suite 963:92378:65841954:Schmitt-Smith
Price-Lopez:6385 Deborah Island Suite 658:66365:43640010:Ellis Inc
Wells, Douglas and Silva:842 Jacobs Fort:83429:83488286:Cameron, Bradley and Hall
Williams-Ruiz:93865 Saunders Forest:35897:17361620:Clark-Robertson
Choi-Landry:554 Laurie Pike Suite 541:90288:44222873:Burke, Green and Clark
Jacobson Ltd:2553 Brittney Plaza:67666:25011674:Miller-Mitchell
Cox Ltd:817 John Gateway Suite 351:99845:48078818:Ford-Graves
Spencer-Miller:267 Nicholson Burg:90595:57624942:Cox Ltd
Torres, Graham and Ho:19605 Howe Landing:71918:31493112:Hart-Thomas
Spears, Figueroa and Rivera:30541 Jill Glens:89098:84070528:Bates Inc
Bender-Scott:95046 Steven Courts:86002:40085954:Spears, Figueroa and Rivera
Gomez-Martinez:3074 Jose Courts Apt. 143:92931:95888136:Wells, Castillo and Briggs
Cooper PLC:40343 Sanchez Forks Apt. 613:35771:65947602:Farley Ltd
Jackson-Long:7424 Dodson Rapid Apt. 449:35817:65633910:Jones PLC
Edwards and Sons:732 Rogers Field Apt. 746:59833:55724476:Jacobson Ltd
Marshall LLC:3343 Kelly Station:61548:31604908:Acosta-Wilcox
Reyes, Pitts and Cabrera:14544 Shawn Land Suite 223:81241:70857065:Jones PLC
Arroyo, Osborne and Ford:3352 Crystal Lodge Suite 701:82537:86606982:Wilson-Moses
Cordova Inc:91191 Jeffrey Union:66402:13208720:Wilson Ltd
Harris, Duncan and Colon:0740 Diana Crest:52444:67943867:Marshall, Wolf and Griffith
Moon-Sanchez:27644 Gonzalez Knolls:44411:5457648:Lopez-Griffin
Ayala-Powers:7662 Michael Burg Suite 088:60559:1080422:Moore Ltd
Clay-Rosario:090 Brandon Land Apt. 800:71183:61754547:Kidd Ltd
Hicks-Conley:910 Javier Mountains Apt. 284:54383:33978820:Williams and Sons
Ward, Evans and Smith:61230 Vanessa Station:55567:36085440:Benson Group
Weaver Ltd:984 Eric Extension Suite 026:49465:1153769:Johnson-Long
Reese and Sons:5425 Dan Village Apt. 033:47745:21857814:Wolf-Russell
Adkins-Morton:1176 Dunlap Summit Suite 686:65002:62101868:Walters, Abbott and Delacruz
Mcfarland Group:92763 Nolan Mall Suite 376:95340:58506985:Serrano-Osborne
Warner Ltd:79619 Tanner Course Apt. 239:85416:93900682:Lamb-Cruz
Morris-Hill:6434 Mary Forges Suite 030:57196:10019189:Davis, Rose and Mcintyre
Costa, Gutierrez and Perez:60920 Deanna Lakes:77111:94988512:Hernandez, Price and Goodman
Strickland Group:3053 Carrillo Locks:87378:37322796:Thompson-Garcia
Mercado-Wong:76551 Anderson Rest Apt. 696:44749:36706049:Hill, Parsons and Lowe
Parker and Sons:8241 Moore Prairie:70062:91283696:Hall-Morse
Jones-Quinn:897 Denise Branch Apt. 006:81353:36229871:English, Ward and Graham
Martin-Stewart:479 Timothy Falls Suite 016:62396:51431876:Harris and Sons
Brooks, Hines and Scott:828 Skinner Row:83359:70662582:Lee, Watkins and Henderson
Shaw-Mcdowell:065 Emily Causeway:59737:61866733:Howard-Acosta
Sexton, Good and Martin:418 Michael Stravenue:32317:25809689:Walters, Abbott and Delacruz
Garcia Inc:26578 Koch Terrace:59775:90424760:Rodriguez Group
Petty-Banks:8276 Hoffman Viaduct Suite 340:40809:61870564:Benson Group
Davis-Taylor:918 George Harbor:42304:30908564:Cruz, Mccarthy and Rubio
Fields-Sandoval:0294 Robinson Landing Apt. 144:52827:70377828:Hoffman, Moyer and Blackwell
Mason and Sons:2813 Eric Land:80809:20335420:Rivera, Sanders and Long
Williams, Moss and Sanchez:358 Maria Tunnel:59176:64789435:Garcia-Patel
Powell LLC:7007 Rice Groves:39594:36309643:Brown Inc
Mosley-Howell:706 Dwayne Divide Apt. 183:81763:23128786:Peters-Pollard
Mcclure Group:48883 Mann Canyon Apt. 215:74174:53424899:Tucker, Peck and Schneider
Bush-Baker:68227 Scott Shores Apt. 647:52926:53971367:Dunn, Williams and Garcia
Berry Group:089 Rodriguez Inlet Apt. 151:72876:53632209:Benson Group
Mann, Murphy and Goodman:63345 Mark Cliff Apt. 931:63555:87896726:Padilla-White
Morris, Mejia and Meyer:163 Odonnell River Apt. 309:80947:3190105:Thompson-Garcia
Mahoney and Sons:9515 Morris Mountains Apt. 352:49789:16874756:Jackson-Russell
Wright PLC:4859 Smith Landing:96879:62872912:Cain PLC
Moore-Patel:020 Steven Flats:42518:21647146:Marshall, Wolf and Griffith
Larsen-Taylor:6806 Mary Port:98233:93896243:Meyer, Cook and Thompson
Simmons, Myers and Christensen:4213 Garner Estate:70208:11418989:Atkinson Ltd
Thompson, Luna and Sosa:2547 Joseph Drives:30870:21345459:Haynes Inc
Morales PLC:2655 Walker Mountains:60167:46108994:Spencer-Miller
Hayes-Diaz:7598 Herring Lake Apt. 963:67198:38666979:Haynes Inc
Williams-Romero:2402 Odonnell Plaza Suite 974:71941:29593752:Spencer-Miller
Moore, Lawrence and Deleon:19230 Michael Coves Suite 106:89362:43584862:Smith, Cooper and West
Taylor, Matthews and Riley:1501 Carla Summit:59307:60212640:Novak, Turner and Wallace
Thompson LLC:36124 Aaron Ports:62179:61941516:Davis-Taylor
Vega PLC:860 Roberts Underpass:61735:18924833:Ramirez, Hernandez and Reid
Parks-Wood:331 Hamilton Rapid Apt. 979:80615:84809666:Atkins, Elliott and Vaughan
Dean-Vargas:96282 Smith Mountain:49101:36142915:Richards Inc
Moore-Carney:69935 Elizabeth Mission:50136:1409288:Meza, Thompson and Holden
Cole, Freeman and Flores:48047 Thompson Port Suite 047:40963:30408079:Smith-Phelps
Ayala-Ruiz:2996 Linda Inlet:99472:70110892:Barron, Ford and Johnson
Strickland-Keller:4246 Roberto Plaza:76624:21859158:Morris-Hill
Hudson Ltd:5890 Mendoza Ferry Suite 629:35657:11827973:Hall-Morse
Vaughn, Harris and Bennett:68828 Jones Row Suite 291:92835:47865714:Petersen-Harrison
Allen and Sons:1381 Hudson Burg:80991:85461612:Conrad-Norman
Campbell, Collins and Bennett:805 Neil Extensions:33083:91213828:Rodriguez Group
Nelson-Jackson:798 Frederick Spurs:49132:41889263:Lowe LLC
Dorsey Ltd:6022 Kim Isle:34756:42809144:Carter, Johnson and Franklin
Garcia LLC:5361 King Hills Apt. 352:61245:69687045:Ellis Inc
Murphy Ltd:4992 Martinez Crossing:91285:50942223:Nelson-Jackson
Ferrell-Mahoney:9935 Diana Cliffs:38783:61313062:Rice Inc
Diaz, Jennings and Griffin:28054 Eric Shore:50470:72906051:Roberts Ltd
Thomas and Sons:2174 Williamson Flat:56143:49380913:Smith, Barajas and Burgess
Ball-Lyons:5317 Wright Brook Apt. 825:49180:13724523:Davis PLC
Bradshaw-Nguyen:792 Anna Overpass Apt. 358:85875:61101074:Burke, Green and Clark
Bennett, Smith and Sanchez:14346 Brandt Course Apt. 211:68967:17018674:Lopez, Mccoy and Peters
Haney and Sons:034 Richard Club Apt. 336:70972:18152134:Conrad-Norman
Mack Ltd:538 David Isle Suite 674:37616:52519159:Diaz, Jennings and Griffin
Rivera-Rowe:178 Sierra Road:54087:28960662:Rodriguez-Mcdaniel
Tucker, Powell and Cook:6635 Jeffery Run Apt. 002:41856:97317076:Weaver Ltd
Obrien-Davis:64929 Tammy Valleys:79231:48798572:Johnson Inc
Gross-Frank:818 Owens Station Suite 430:60282:89870123:Brown-Stewart
Mayer, Johnson and Drake:335 Brown Junction:45097:30076429:Hill, Moore and Jenkins
Bishop LLC:8452 Joshua Centers:45273:68498766:Wells, Douglas and Silva
Underwood, Jones and Boyle:8488 Joyce Land Apt. 820:91702:24839456:Alexander-Wilson
Tyler PLC:426 Johnny Well Apt. 846:42124:10875408:Hill, Moore and Jenkins
Fernandez, Williams and Miller:4091 Lynn Junction:44365:612628:Burton Inc
Bowman, Harris and Bailey:68093 Jeffrey Mall:86607:60311314:Long, King and Anthony
Mcconnell-Obrien:987 Duncan Summit:37684:70329054:Hickman, Bradley and Weaver
Jackson, Lee and Mathis:282 Owen Radial Suite 498:61093:54783866:Alexander-Wilson
Fuentes-Mccormick:49802 Beard Plaza Suite 392:99778:76286387:Simmons, Myers and Christensen
Taylor-Saunders:2595 Ortega Manors:51257:85660800:Murray Ltd
Clark-Haynes:5611 Young Branch:63959:55276810:Hayes-Stafford
Page Inc:2528 Stewart Summit Suite 407:46756:99780266:Massey, Long and Clayton
Davila Inc:3260 Roman Highway Suite 184:47838:934114:Grant LLC
Little Inc:3095 Smith Cliff:88210:92845945:Simmons, Myers and Christensen
Stephens, Clark and Thompson:87613 Cisneros Haven Suite 066:51241:910091:Ryan, Holloway and Alvarado
Wilson LLC:6203 Evans Common Apt. 205:56711:7253412:Smith LLC
King-Golden:288 Stephanie Pass:95354:65192228:Mack Ltd
Gonzalez-Bell:8927 Wright Trail Apt. 444:66894:64442008:Lambert, Grant and Flores
Mills-Robinson:5925 Lopez Trail Suite 477:77471:14362358:Carrillo PLC
Martin, Torres and Smith:539 Dunlap Pine:97884:636114:Jacobs, Foster and Obrien
Hahn, Scott and Jimenez:90821 Golden Club Apt. 593:93451:32371952:Phillips Ltd
Cunningham, Wilkinson and Torres:605 Gutierrez Views Apt. 846:87187:99693732:Wright-Smith
Taylor-Allen:86931 Hudson Highway Apt. 957:81367:32027957:Spears, Figueroa and Rivera
Zimmerman-Butler:6155 Michael Bridge Suite 938:67457:43205885:Fields-Sandoval
Torres, Santiago and Hickman:291 Russell Rapid:91744:83937387:Wright PLC
Johnson, Wilson and Nguyen:77341 Christopher Underpass Suite 073:64423:15755447:Daniels-Griffith
Hernandez-Lynch:5344 Chavez Ramp:87632:58192468:Walker-Goodwin
Marshall, Thompson and Williams:147 Dawn Field Suite 934:83220:15935485:Porter, Gross and Nolan
Torres, Guerrero and Jones:012 Pacheco Causeway Apt. 454:31128:82326456:Harris and Sons
Lyons-Henry:799 Evan Spur:98157:88143090:Thompson, Luna and Sosa
Stewart-Knight:38968 Lambert Ports:52261:39259299:Vega PLC
Ponce, Evans and Montoya:009 Johnson Harbors Suite 722:49191:25339667:Banks LLC
Green PLC:5412 Briggs Lakes Suite 755:33599:54200513:Kim, Haynes and Brown
Good-Rowe:74636 Mark Parks:39785:1175036:Villarreal, Wright and Scott
White, Nelson and Butler:254 Hampton Gateway Suite 289:31910:74249195:Campbell, Burgess and West
King, Colon and Casey:125 Steven Dam:43862:7181450:Ashley and Sons
Scott-Malone:88981 Adkins Orchard Suite 644:84715:7449269:Massey, Long and Clayton
Taylor-Porter:05557 Erin Spring Apt. 672:49778:61337815:Ruiz, Lane and Lara
Russell Ltd:082 Frederick Camp:59649:52683215:Wilson LLC
Wright-Weber:8205 Andrea Drive Apt. 865:33030:80184297:Stewart-Knight
Gonzalez, Marquez and Shaw:4293 Shaw Cape Apt. 100:43743:35647293:Cruz, Mccarthy and Rubio
Higgins Ltd:439 Moon Street:80590:54880175:Trevino LLC
Morgan and Sons:6263 Graves Mission Apt. 242:49055:87538374:Bates Ltd
Bell PLC:525 Shaun Cliffs:49063:72054265:Perkins and Sons
Baker-Berry:47293 Rice Streets:74254:97044338:Cordova Inc
Mckee, Harrell and Martinez:6110 Hall Valleys Suite 234:58523:96270787:Foster-Maldonado
Stout-Leonard:9829 Martinez Center:34604:87849803:Ball-Lyons
Lee-Day:3640 Patrick Land Apt. 047:50539:87234380:Fuller Inc
Mcdowell Ltd:102 Hall Lane:85312:78630581:Burke PLC
Walker-Suarez:828 Williams Cliff:57972:81972197:Benson Group
Lewis, Flores and Sandoval:29441 Chen Squares:73199:61239672:Baker-Rodgers
George, Gardner and Cole:43979 Morris Stream Suite 618:52737:23158540:Green Group
Kim-Smith:7973 Berger Bypass:93548:80481767:Garcia-Owen
Dixon-Vasquez:751 John Turnpike:44978:80442889:Ellis Inc
Rogers, Perez and Wilson:482 Kelli Prairie:59805:31005821:Beck-Franklin
Barnes, Evans and Sullivan:36213 Sarah Ville Apt. 029:35286:14652597:Thompson-Garcia
Patterson-Cruz:55985 Hall Isle:70900:66656865:Myers-Solis
Ruiz-Williams:14623 Robert Oval Suite 759:62122:36392356:Shaw-Mcdowell
Lloyd Ltd:5615 Michael Junction Suite 411:44582:69236639:Henson Ltd
Mitchell-Brown:33903 Briana Gateway:38524:59126299:Olson, Williams and Wilson
Blevins Inc:3144 Blake Park Suite 555:51900:29783148:Sawyer, Hoffman and Page
Tran-Stone:724 Berry Viaduct Apt. 850:54505:24618134:Tyler PLC
Rivera, Dixon and Lester:46847 Andrew Harbors Apt. 848:70380:87323504:Moore, Lawrence and Deleon
Payne-Ward:264 Edwards Terrace:49669:2839810:Ryan Ltd
Bryant-Hunt:07867 Brooks Hill Apt. 221:52968:13056667:Harris, Duncan and Colon
Martinez and Sons:43016 Carter Brook Suite 835:36491:8917637:Parker LLC
Allen, Morales and Foster:148 Thomas Forest Suite 681:70490:58747658:Garcia-Patel
Neal and Sons:7266 Crystal Prairie:59931:75556685:Mcconnell-Obrien
Beck-Lindsey:689 Davenport Brooks Apt. 826:96452:42864122:Johnson, Wilson and Nguyen
Davis, Olson and Smith:513 Marc Isle Apt. 636:70792:11858482:Murphy, Garcia and Dorsey
Olson Group:775 Kelly Village:33126:72758289:Johnson, Glover and Snyder
King PLC:537 Brooks Route:96636:78522245:Burke, Green and Clark
Baker, Johnson and Baxter:1425 Clements Green Apt. 621:38280:92424357:Schmitt-Smith
Stout-Thornton:21009 Daniel Heights Suite 954:86049:45635702:Lewis, Flores and Sandoval
Shaw, Farmer and Martinez:207 Teresa Port:38807:99928333:Jones PLC
Perry-Walter:2638 Davis Ville Apt. 227:86205:26630068:Jackson, Brown and Foley
Ali-Jordan:33302 Jessica Route Suite 567:91949:72617723:Olson, Williams and Wilson
Burns and Sons:75989 Morgan Road Suite 465:76857:29827915:Lee-Jones
Wilson-Hill:419 Stephanie Forest:60343:44013388:Crawford-Young
Townsend, Young and Schneider:7023 Jose Valleys:74910:77113612:Brooks-Summers
Jones, Johnson and Johnson:6783 Mcdaniel Oval:45060:89553015:Benson Group
Shepherd, Nguyen and Foster:5513 Patricia Meadow:30313:80170157:Rivera-Rowe
Gibson, Hansen and Warren:085 Lynch Stravenue Suite 458:70283:18784036:Collins, Bartlett and Edwards
Wright-Beck:6848 Carol Ridges:45438:56908724:Hickman, Bradley and Weaver
Davidson, Davis and Zuniga:3668 Amanda Square Suite 786:47602:99893220:Robertson-Graves
Grant Group:47933 Cooper Viaduct Apt. 612:78425:35880611:Burch-Carlson
Myers, Walter and Walters:121 William Squares:79460:93245752:Holder Ltd
Woodward, Robbins and Herrera:94780 Escobar Crescent:83600:8386843:Scott Ltd
Frazier LLC:94181 Green Wall:70317:81407861:Hoffman, Moyer and Blackwell
Mcconnell LLC:9683 Morales Gardens Suite 490:88899:43171907:Salazar-Huynh
Shelton Inc:76549 Melanie Square Suite 565:68042:71937139:Molina-Williams
Armstrong, Salazar and Young:978 Pamela Estates Apt. 086:63387:27249714:Williams-Ross
Vance-Vasquez:85203 Mary Port Apt. 878:70886:46494607:Alexander-Wilson
Gonzalez, Fowler and Cobb:66381 Michael Forge:59022:61810368:Lee-Day
Miller, Watson and Patterson:50946 Thompson Mills:99982:16322415:Blevins Inc
Holland, Delgado and Reed:89111 Luke Fork:79209:99242789:Cox Ltd
Taylor PLC:8741 Montgomery Manor:56957:34167228:Hall, Bradford and Smith
Adams, Schneider and Moore:76785 Paul Inlet Suite 593:73996:7562829:Moreno Ltd
Anderson, Frank and Jordan:169 Doyle Stravenue Suite 248:73153:9811292:Bell, Lynch and Conner
Leon-Lin:1310 Duran Square Apt. 755:50954:48485111:Carrillo PLC
Cherry-Thompson:1417 Murphy Skyway:70558:58120407:Payne-Ward
Lopez Inc:8497 Brown Station Suite 104:76458:75235754:Robinson, Chavez and Shaffer
Anderson-Calderon:22535 Eugene Lodge:85337:59055282:Kim, Haynes and Brown
Sanders-Miller:09890 Joel Falls Apt. 354:53138:30423888:Strickland Group
Sanchez LLC:6570 Jennifer Dale:49784:60961325:Ortiz, Hutchinson and Lopez
Ruiz Ltd:0624 Cox Oval Apt. 097:48968:31106699:Crawford-Young
Murphy, Davis and Thompson:037 Holly Lights:99357:60851139:Long, King and Anthony
Humphrey, Sparks and Green:84170 Wilson Village Apt. 598:77149:89431332:Larsen-Taylor
Williams, Hill and Johnson:77803 Raymond Lodge Apt. 362:64804:24941905:Harrell Inc
Richardson, Hampton and Scott:00047 Dickerson Common Apt. 239:40090:86536362:Allen, Morales and Foster
Weiss-Marshall:064 Ryan Spurs Apt. 409:67940:3432586:Phillips, Phelps and Wilson
Gardner-Riley:96647 Gomez Well:58020:64537907:Shelton Group
Moore, Lambert and Lewis:690 Grace Shoal Apt. 154:73176:74995301:Ross Inc
Padilla Ltd:675 Wright Wall Suite 187:47141:180176:Lowe LLC
Stone Group:449 Marissa Circle:95907:18085129:Turner, Campbell and Henderson
Harris-Miller:6015 Garner Drive Apt. 648:88428:15962707:Jackson-Long
Phillips, Hill and Snyder:668 Zachary Corners:79368:44386579:Brown Ltd
Bowers-Shaffer:5367 Benson Station:82782:40009558:Mann, Murphy and Goodman
Horton, Holmes and Miller:477 Martin Radial:65989:4295856:Lopez Inc
Anderson, Everett and Horn:02855 David Common:69317:45594331:Atkinson Ltd
Nguyen-Adams:9522 Daniel Dam Suite 199:37758:71066893:Williams-Howell
Avery Group:55448 Crystal Path Apt. 329:61656:16462328:Williams-Ruiz
Dickerson-Berg:477 Brian Centers Suite 943:84136:5364842:Bennett-Carpenter
Clark, Perkins and Woods:92316 Garcia Keys:78172:23622599:Burns and Sons
James-Lowery:28522 Terrence Views Apt. 873:84171:17028487:Rogers-Hampton
Ingram-Whitaker:8869 Mueller Mission:98989:90743491:Moore, Lawrence and Deleon
Kirby LLC:12001 Wood Flat:89718:39756034:Brown and Sons
Johnson-Jones:099 Carter Pine Suite 111:72969:30202123:Petty-Banks
Rodriguez-Moore:3841 Joseph Village:77505:29206144:Johnston-Foster
Richardson, Rogers and Fry:4022 Orozco Isle:38782:59434038:Weiss-Marshall
Taylor LLC:803 Kyle Gardens Suite 495:41503:22451933:Bentley, Oliver and Wallace
Brandt PLC:6511 Jerry Walk:87908:98621567:Neal and Sons
Solis, Mcmillan and Alexander:30517 Michael Plains:32232:74881691:Ayala-Ruiz
Howe-Brown:8170 Rebecca Viaduct Suite 210:44178:47480745:Schwartz and Sons
Frederick, Archer and Miller:3924 Roger Junction:82941:56134466:Torres, Santiago and Hickman
Vargas Ltd:29022 Daniel Cove:66429:98243747:Vance-Vasquez
Le Group:20820 Denise Road Suite 635:56240:24169905:Hill, Parsons and Lowe
Price, Meyer and Smith:24370 Newton Ridge Suite 457:55069:97062821:Bender-Scott
Mitchell, Gomez and Edwards:484 Riley Ridges Suite 994:48882:10167823:Taylor-Porter
Jackson, Perry and Crawford:10062 Jerry Mall Suite 583:86403:93299645:Holland, Delgado and Reed
Lopez, Hudson and Myers:6287 Jonathan Fort Apt. 422:30835:2994923:Johnson, Gray and Dawson
Jarvis Ltd:319 Joshua Shoal:84063:49265413:Mills-Robinson
Malone Group:30740 Lisa Lakes Suite 095:34424:73718061:Jones, Morris and Scott
Henry-Kennedy:51754 Reeves Prairie Suite 356:93115:34932499:Stout-Thornton
Hunt, Gonzales and Smith:81560 Adam Islands Apt. 233:72089:23693954:Coleman, Wolf and Hubbard
Foster and Sons:715 Phillips Estate Apt. 788:95372:99186721:Schmidt PLC
Simon, Cook and Smith:545 Herman Villages Suite 564:93146:80761830:Hall-Floyd
Lynch-Bryan:05496 Davis Summit:63475:94475972:Shelton, Alvarado and Pierce
Rivera-Johnson:2454 English Bypass Suite 491:77238:28402398:Serrano-Osborne
Reynolds, Burgess and Davenport:194 Nicole Ford:92858:23856968:Benson Group
Smith PLC:7725 Alvarez Squares:87330:70373740:Cooper PLC
Shaw-Sanchez:99696 Steven Lights Apt. 317:87982:87521425:Shaw, Farmer and Martinez
Hamilton-Ferguson:3358 Justin Plaza Suite 629:73272:43240549:Lowe LLC
Peters PLC:39437 Paul Gardens:32243:47749531:Martinez PLC
Smith, Boyd and Mccall:6459 Martinez Pine Apt. 846:66603:88313250:Holland Group
Simon LLC:0932 Stacy Streets:96592:93047754:Harris and Sons
Kent Inc:6086 Johns Ford Apt. 923:75608:72242649:Thompson, Martin and Chavez
Jacobs Ltd:72771 Sandoval Fork Apt. 770:52812:24167150:Woodard-Quinn
Williams-Waller:10198 James Key:44618:91596481:Conrad-Norman
Thomas Group:605 Jackson Bridge:88940:35309205:Jackson, Brown and Foley
Roberson, Meyer and Murillo:87348 Allison Mall Suite 592:43161:51684393:Mckee, Harrell and Martinez
Phillips-Charles:2458 Adams Fields Suite 795:66989:81016502:Wood LLC
Mccoy Ltd:90273 Benjamin Parks:30075:78763237:Cardenas Inc
Gibson Inc:72236 Marie Mill Apt. 138:73595:27499537:Clark, Perkins and Woods
Brown, Silva and Smith:0764 Johnson Way:65192:69110817:Phillips-Charles
Hawkins Ltd:90933 Holly Lake:46847:21246230:Romero-Herring
Kelly-Wiley:1476 Jordan Vista Suite 925:32298:63564372:Gordon, Randall and Mcmahon
Dawson-Peterson:337 Paul Estate Suite 476:95332:79436489:Jones-Meadows
Lawson Group:43907 Regina Estate Apt. 475:49780:32847113:Case-Rivera
Dudley, Stanley and Dean:6259 Johnson Rest:55799:40636545:Rivera-Hall
Griffin LLC:43428 Alejandra Stream Apt. 808:70838:64882459:Holland Group
Pena, Williams and Rogers:01016 Kim Tunnel:97586:51069174:Williams and Sons
Cooper Ltd:737 Black Point Apt. 367:34428:21121347:Stewart-Knight
Morales Ltd:6881 Elizabeth Union Apt. 938:43706:11821822:Rivera, Sanders and Long
Crawford PLC:39667 Rachel Heights:80997:88503186:Haynes Inc
Smith-Brooks:5274 Jackson Rapids Apt. 851:75567:49059549:Aguilar Ltd
Rivera Group:370 Natasha Field:76937:50941195:Morales PLC
Rodriguez Ltd:0968 Parker Extensions:67208:96240407:West-Black
Crosby Inc:893 Barnett Drives:47084:91194155:Burke, Green and Clark
Hughes, Medina and Ramirez:03461 Santos Mission Suite 094:70772:7451100:Ashley and Sons
Johnson and Sons:891 Jeremy Circles Apt. 696:91418:83159735:Osborne, Ward and Walker
Wright, Cook and Day:88369 Thomas Path:72019:62719321:Cain-Lopez
Wagner and Sons:368 Moore Expressway Apt. 314:55136:63096140:Wood, Maldonado and Hayes
Doyle-Gates:94608 Robert Burgs:93615:26145867:Lamb-Cruz
Hicks-Powell:7289 Bell Trace:86362:39576955:Gordon, Randall and Mcmahon
Smith Group:260 April Keys:82264:73195110:Johnson-Long
Brown Group:78671 Michael Village Apt. 115:71778:41624585:Strickland Group
Davis, Fitzpatrick and Thomas:0427 Melissa River:88443:2950729:Trevino LLC
Boyd, Blair and Whitehead:4642 Connie Run Apt. 664:43765:64380551:Phillips-Charles
Stanton and Sons:638 Randy Rest:48434:14568466:Hernandez, Hanson and White
Roberts Group:3791 Morris Village:45107:62391141:Fuller and Sons
Santos LLC:1643 Sherry Forge Suite 305:49213:47921681:Gibson, Hahn and Morris
Morse-Snyder:66550 Hannah Meadows Apt. 609:89957:30075627:Kennedy, Fisher and Hill
Blackburn-Miranda:19421 Cervantes Mountain Suite 370:36100:52945047:Jones, Johnson and Johnson
Davis-Hawkins:5003 Long Motorway Suite 103:81617:89797806:Wright-Smith
Long Group:4256 Acosta Points:85911:49039838:Lopez Inc
Prince-Wilson:9224 Jeffrey Cliffs:55789:57435205:Morgan PLC
Navarro, Hodges and Warren:7774 Christina Terrace:78140:99710871:Garcia, Marshall and Hudson
Walker PLC:2341 Turner Burg:68480:3822557:Nguyen-Adams
Bridges Ltd:601 Moore Valleys:54565:33299843:Berry Group
Boone, Reilly and Hill:6050 Tiffany Trace Suite 714:48316:44506915:Schwartz-Lewis
Lee Ltd:705 Roberts Park Apt. 430:89460:6803518:Cole-Mayo
Robinson-Wright:3739 Ronald Tunnel Apt. 563:86798:70655285:Kim-Smith
Green-Morrison:1757 Chen Heights Suite 717:38032:77980183:Stark PLC
Daniels, Anderson and Hernandez:55469 Bray Radial Suite 795:95731:30762480:Harris Inc
Hall-Harris:0648 Kenneth Square:31590:97501599:Baker-Rodgers
Hoffman-Phillips:983 Victor Pines:36729:48606545:Patterson Group
Anderson, Perry and Smith:26004 Stone Canyon Suite 017:80305:31937042:Smith Group
Walsh Group:867 Lopez Village Suite 200:54799:39650115:Warner Ltd
Carson, Shaw and Caldwell:847 Lauren Springs:41139:94411837:Serrano-Osborne
Sims Group:78638 Taylor Place Apt. 403:68144:42995149:Mayer, Johnson and Drake
Marsh, Gallagher and Cannon:88822 Paige Hollow Apt. 168:64808:74550193:Lynch-Grant
Valencia Inc:141 Ethan Stream:98042:87171226:Jackson-Russell
Ayala-Walker:86388 Miller Square Suite 905:85837:79857403:Martin-Stewart
Taylor-Ruiz:807 Dennis Spurs:59604:85514080:Edwards and Sons
Fowler, Cook and Garrett:61356 Michael Grove Apt. 436:49630:65760268:Phillips, Hill and Snyder
Long, Warren and Anderson:3693 Williams Canyon Apt. 669:35974:98710376:Stone Group
Mullen-Harding:1536 Dean Pine:72073:23914831:Hurst, Mcintyre and Smith
Hanson, Kidd and Reyes:6486 Daniel Path:64314:88934265:Mckee Inc
Hobbs, Hodges and Mcfarland:07442 Johnson Mountain:80969:26417414:Jones, Johnson and Johnson
Lane, Berg and Wu:33778 David Path:81075:60376620:French, Mckinney and Price
Patton and Sons:607 Christopher Prairie Apt. 667:31417:26803838:Johnson-Long
King, Swanson and Ward:15858 Fox Viaduct:85886:79504204:Santiago PLC
Moses-Hutchinson:7993 Webb Divide Suite 974:70461:50819234:Dunn, Wells and Jacobs
Moore, Gordon and Howard:11432 Mitchell Mountain:60308:66700531:Fuller and Sons
Jones-Oliver:20550 Higgins Mills Suite 269:75466:65658955:Wilkins Group
Rose Inc:3771 Rachel Oval Suite 030:30181:52566774:Hernandez-Lynch
Carroll Ltd:0749 Stanley Mount:66787:37868249:Martin, Torres and Smith
Padilla-Ward:03493 Jeremiah Plain Suite 214:84845:72700013:King and Sons
Roth, Wilkerson and Bowman:6696 Williams Mission Suite 331:79084:47354296:Cole-Mayo
Dickson-Pineda:036 Kim Stravenue Apt. 416:40332:21281617:Perkins and Sons
Hernandez-Anderson:658 Koch Landing Apt. 299:79204:42451244:Moore Ltd
Powers-Gonzalez:52658 Reynolds Valleys Suite 839:96330:51447502:Murray Ltd
Davis and Sons:664 Christine Curve:71541:37140113:Brown-Stewart
Nguyen, Anderson and Webb:33033 Merritt Corners:75285:31791577:White, Nelson and Butler
King, Smith and Gonzalez:7538 Calvin Stream:82381:59264004:Morgan, Smith and Lutz
Sanchez, Smith and Welch:407 Mallory Shores:60707:81862006:Davidson, Davis and Zuniga
Hamilton and Sons:77375 Rodriguez Trail Suite 748:65700:41829:Avery Group
Houston, Drake and Mays:702 Brian Hill:89764:40690536:Garcia, Marshall and Hudson
Floyd PLC:794 Tasha Ford:46676:29291600:Martinez PLC
Webb Ltd:4186 Cole River Apt. 242:79502:44350800:Shaw, Farmer and Martinez
Higgins and Sons:68878 Cohen Extensions:96202:45803500:King PLC
Moore LLC:441 Shannon Terrace:51232:78579600:Smith, Cooper and West
Hayes-Noble:594 Lance Prairie:75202:68813702:Haney and Sons
Wood-Harris:966 Simon Circle Apt. 313:65650:49458456:Mendez-Krause
Evans and Sons:465 Margaret Extension:82776:94572869:Gibson, Hansen and Warren
Scott, Green and Jones:534 James Station Apt. 662:44504:4005788:Davis, Olson and Smith
Hamilton Ltd:4514 Eric Square:93044:4064342:Ryan, Holloway and Alvarado
Dominguez, Carlson and Wilkerson:8029 Page Cliffs:66709:88256298:Hughes, Medina and Ramirez
Gibbs-Marshall:600 Ryan Crossroad:79926:74892006:Adkins-Morton
Edwards, Barnett and Bell:7233 Deborah Trail:61572:37616993:Scott, Green and Jones
Lowe Group:46121 Chen Circle Suite 195:71917:7194251:White-Shea
Gonzalez-Perkins:13675 Ramirez Bypass:79610:53057698:Young Group
Brown PLC:238 Willis Station Apt. 279:51092:72824884:Gibbs-Marshall
Ritter-Mayer:739 Clark Plains Suite 737:83220:53882576:Roberts PLC
Cannon Group:5228 Brooks Center:59327:14485918:Alexander-Wilson
Kelley LLC:93359 Smith Islands Apt. 270:46432:28058507:Harris, Duncan and Colon
Bauer-Ross:5950 Brittany Vista:83519:88854551:Dorsey Ltd
Pruitt-Cooke:60492 Patterson Inlet Suite 538:62625:79801782:Pruitt-Cooke
Murray-Anderson:297 Bauer Extensions:62772:3537378:Jacobs, Huang and Butler
Nielsen-Medina:022 Cochran Fords Apt. 117:61288:19944582:Smith, Barajas and Burgess
Velasquez, Clark and Miller:571 Bonilla Point Apt. 544:96663:89661286:Hall-Harris
Terrell, Meadows and Velez:49151 Mcconnell Plain Apt. 894:96532:52236554:Davis, Rose and Mcintyre
Dunlap Ltd:321 Jimenez Crescent:96671:78394984:Moore, Lawrence and Deleon
Thomas-Acosta:05535 Wallace Locks Suite 166:45875:1005965:Dickerson-Berg
Freeman, Graves and Stewart:578 Tom Curve Suite 049:56157:92732317:Thompson-Gray
Knight-Mcdonald:55514 Kristen Turnpike:51849:26323646:George, Gardner and Cole
Freeman-Ramos:61451 Kimberly Shore Suite 733:79899:73324858:Holland, Delgado and Reed
Rodriguez, Stuart and Rasmussen:011 Perez Ridge:46536:67061602:Escobar PLC
Fox-Garner:673 Ward Ports:45310:11796086:Davis and Sons
Khan-Hernandez:8460 Edward Turnpike Suite 673:39628:31000380:Johnson and Sons
Ross-Irwin:306 Virginia Fort:40900:98303207:Rogers, Perez and Wilson
Moore-Carr:9796 Michael Squares:31705:6586693:Adams, Smith and Evans
Russo, Bryant and Leblanc:27733 Walsh Spur:50899:8633154:Fowler, Cook and Garrett
Wright, Thompson and Miller:67154 Alexander Shores Suite 711:64949:62766288:Morse-Snyder
Coleman, Garcia and Hood:659 Harrison Brook Suite 469:98150:56733670:King, Colon and Casey
Padilla-Santiago:11753 Dana Hills:38450:54040193:Walker-Suarez
Woodard-Spencer:69088 Brock Turnpike:52281:94464907:Hunt, Gonzales and Smith
Morris-Garcia:03560 Samantha Terrace Apt. 063:44503:32573488:Dominguez, Carlson and Wilkerson
Johnson, Murphy and Dodson:39525 Ana Street Suite 860:61792:85188917:Gibbs-Marshall
Lucas and Sons:04763 Jason Rest:78791:43217984:Gonzalez Ltd
Willis, Bowman and Reed:93911 Ana Creek:62184:95793330:Brown-Stewart
Johnson-Hall:6092 Robert Flats:41110:33302272:Edwards, Barnett and Bell
Medina-Peters:6171 Brandi Lock Suite 218:34932:10947568:Crawford PLC
Moore Inc:31482 Lisa River:63943:69455892:Meyers, Dixon and Lawrence
Fox-Barnes:9173 Patrick Square:76005:5104922:Young-Young
Saunders and Sons:012 Kathleen Overpass Apt. 917:78366:99574104:Davis-Taylor
Bush-Nguyen:48055 Janet Springs:37047:42723125:Martinez PLC
Khan, Torres and Gonzalez:6563 Ross Center Suite 019:92345:62872152:Hernandez, Hanson and White
Herring, Simpson and Rodriguez:1737 Kenneth Brook Suite 544:51333:69667799:Alexander-Wilson
Clark-Rodriguez:53915 Keller Summit Suite 001:78060:94072097:James-Lowery
Pena-Friedman:92050 Thomas Road Apt. 317:51936:92110336:Crawford-Young
Vasquez, Carter and Murphy:543 Mcclain Fort Apt. 892:76799:73702317:Long-Ho
Alvarez, Elliott and Morgan:17742 Montes Via:79231:80454603:Ruiz-Williams
Williams, Mcintyre and Carter:38976 Lowe Forge:50973:45654460:Rodriguez-Mcdaniel
Ortiz-Manning:32904 Susan Circle Apt. 467:87741:95720097:Petersen-Harrison
Weaver Group:86565 Brown Plaza:60226:27754153:Allen, Morales and Foster
Hobbs, Long and Guzman:6583 Lee Springs:87981:25806513:Pruitt Group
Lane, Martinez and Gomez:33190 Hancock Center:43318:56740097:Torres, Santiago and Hickman
Carlson-Gill:3031 Pamela Manors:93711:23529316:Padilla-Ward
Kelly, Potts and Padilla:825 Felicia Plaza:75946:512479:Lawson Group
Johnson-Sutton:00442 Ward Curve:57128:59537773:Hanson, Kidd and Reyes
Haynes, Romero and Melton:77229 Willis Terrace Suite 890:54603:58556724:Williams-Ross
Bell-Smith:3820 Christopher Coves:89848:21946419:Choi-Landry
Hodges-Thomas:881 Brock Row:64546:47774348:Terrell, Meadows and Velez
Nguyen Inc:4291 Samantha Coves:90035:9595111:Thompson-Gray
Frank PLC:677 Roth Cliff Apt. 548:83948:25329132:Rodriguez, Simon and Brown
Wagner, Hicks and Mcconnell:6476 Brian Isle Suite 472:37911:20913637:Aguilar Ltd
Taylor Ltd:14562 Miguel Locks Apt. 431:30383:73637080:Larsen-Taylor
Morgan-Thompson:185 Bender Park:48170:95891630:Sanchez, Thomas and Hunter
Aguilar-Cisneros:28956 Bates Islands:57593:14662429:Bonilla, Hebert and Peck
Burgess-Smith:15749 Melissa Harbor:89277:15026218:Phillips, Hill and Snyder
Whitehead-Hodge:497 Richardson Springs:80654:79137609:Hayes-Stafford
Watson, Bates and Weiss:9235 Barbara Burg Suite 059:90147:53947986:Ortiz-Manning
Simpson, Ramirez and Gallegos:51868 Jacob Ridges Suite 626:37260:52622115:Reynolds, Burgess and Davenport
Flores Ltd:620 Meyers Street:33633:24567069:Shelton Inc
Mack, Webb and Mosley:0431 Garcia Tunnel:42379:32690759:Henderson and Sons
Byrd-Parrish:51556 James Shore Suite 074:69904:52507795:Taylor-Allen
Alvarado Inc:416 Cortez Island:86809:95475506:Moon-Sanchez
Little Group:3118 Tyler Squares Apt. 440:30656:57648:Jones-Quinn
Mcgrath PLC:038 Brian Gardens:31637:73255718:Ford-Graves
Taylor, Howell and Fox:18658 Danielle Extensions:99983:85763010:Higgins Ltd
Castaneda, Barber and Bennett:5336 Ryan Drive Apt. 688:72567:28127512:Thompson-Brown
Roberts Inc:62080 William Fields Apt. 724:76932:64831468:Brooks, Hines and Scott
Villarreal-Obrien:81849 Melissa Station:44253:52867262:Ford-Graves
Gonzales, Waller and Peterson:11038 Brown Village Apt. 616:80750:43379859:Moore-Smith
Morris-Lang:28683 Anderson Mount Apt. 527:55257:244666:Brooks, Hines and Scott
Hall Inc:69522 Turner Lock:92217:42913393:Hunt, Gonzales and Smith
Brown, Pierce and Gomez:96834 Nguyen River Apt. 796:78348:74275517:Mccoy Ltd
Wong, Wright and Edwards:5265 Lisa Parkways Apt. 231:51261:20536175:Ochoa Inc
Taylor and Sons:3944 Kimberly Junctions:31110:47378117:Moore Ltd
King, Mooney and Greer:32861 Johnson Forge Suite 819:92961:46384748:Brown, Pearson and Sharp
Hanna and Sons:34877 Smith Passage Apt. 512:59890:4852027:Lewis, Hopkins and Becker
Mcconnell, Ochoa and Sullivan:93263 Rogers Prairie Suite 588:70786:92012169:Wood LLC
Wallace-Potts:55694 Washington Hollow Suite 306:41988:6476519:Mitchell Ltd
Riley Group:9462 Breanna Place Apt. 151:36971:3744394:Lee-Day
Johnson-Rojas:558 Nunez Ridges Apt. 480:30887:80924383:Vance-Vasquez
Valdez-Moore:56829 Amy Valleys:88724:85413785:Foster and Sons
Henry-Collier:621 Andrew Lights:40119:89139577:Hill, Moore and Jenkins
Carlson-Rodriguez:173 Hamilton Junction Apt. 451:52143:49699735:Woodard-Spencer
Anderson LLC:8958 Ann Lane:37459:48588066:Long, Warren and Anderson
Burgess, Wilson and Robinson:3309 Wendy Rest Suite 175:77803:45460206:Tyler PLC
Crawford, Thomas and Holmes:1533 Fisher Spurs Apt. 825:33331:69613732:Shaw, Farmer and Martinez
Castaneda, Mcdaniel and Carroll:8284 Haynes Passage:32336:71771438:Braun-Jenkins
Baker-Boyer:01181 Smith Plaza:55242:11551415:Mckee, Harrell and Martinez
Simpson, Martin and Nichols:59375 Kathryn Corner Apt. 429:40427:14349241:Little Group
Carr, Young and Frederick:58730 Mckenzie Field Suite 525:89604:44745356:Wilson LLC
Ramirez, Harris and Jones:633 Alan Stravenue Apt. 686:97900:39540372:Torres-Reyes
King, Greer and Martinez:2342 Jeffrey Crest Suite 872:66565:38465845:Torres-Reyes
Payne-Wilkins:097 Delgado Key:41699:66959278:Porter Ltd
Blake Ltd:0411 Caleb Crescent:48186:52553513:Fuller and Sons
Rodriguez-Burnett:856 Joshua Shores:34480:67561133:Ball-Strickland
Clark-Russell:11041 Jonathan Court Apt. 186:73788:71145881:Petty, Sherman and Butler
Jackson Ltd:202 Marquez Vista Apt. 117:47284:36694711:Dominguez, Carlson and Wilkerson
Patterson LLC:48964 Carpenter Tunnel:68491:64297319:Blackburn-Miranda
Reilly PLC:18468 Kim Valleys:90333:56579713:Green-Morrison
Smith Inc:99256 Powell Pine:41822:28350001:Hernandez, Hanson and White
Williamson Group:699 Gerald Mountains Apt. 580:84403:64746065:Wright-Weber
Jacobs, Chan and Pruitt:189 Nathan Village Apt. 403:52104:40112692:Kidd Group
Simmons Inc:2594 Eric Cove Suite 961:77438:18155442:Woodard-Spencer
Brown-Allen:4459 Brandon Plains:35475:82400596:Brown Ltd
Moore-Greene:792 Hunter Spurs Apt. 178:50950:92300099:Houston, Drake and Mays
Miller, Mitchell and Mendez:3805 Castro Tunnel Apt. 772:53274:27030218:Costa, Gutierrez and Perez
Sherman LLC:2020 Wood Orchard Apt. 271:46660:86113615:Henry-Collier
Williams-White:660 Mathews Ford:48785:12407879:Dunn, Williams and Garcia
Coleman Ltd:42977 Brown Fall:60057:26115086:Woodard-Spencer
Smith, Anthony and Fleming:38871 Tyler Valleys Apt. 093:57436:97785606:Cruz, Mccarthy and Rubio
Mckee-Oliver:3755 Brian Freeway Suite 297:53150:21630139:Gonzalez, Manning and Martinez
Robinson Inc:7912 Wilson Drive:65904:80874626:Carter, Martin and Nixon
Reed, Davis and Roberts:519 Johnston Underpass Suite 068:41194:7589896:Walker-Suarez
Fowler-Kent:9032 Willis Mall:42398:88197058:Hicks-Powell
Holmes, Goodwin and Smith:704 Buck Ranch Apt. 146:85754:13192216:Warren Ltd
Zavala Inc:00524 Pierce Vista Apt. 221:82115:59391759:Baker-Rodgers
Wright and Sons:4746 David Radial:96873:73289756:Meyer, Cook and Thompson
Kaiser Inc:166 Dennis Street:41828:22671155:Morales Ltd
Thompson-Koch:582 Vickie Extensions Apt. 166:44448:36097584:Jackson, Lee and Mathis
Hawkins Inc:500 Jones Valley Apt. 038:86365:10233138:Ruiz-Williams
Phelps Group:21036 Gordon Neck:31633:94368644:Johnson and Sons
Maldonado-Barnes:3620 Jason Ridges:55279:53012803:Kennedy, Fisher and Hill
Davis-Shaw:3044 Miller Prairie:40025:75271743:Ramirez, Harris and Jones
Watson LLC:45890 Bryant Wells:84913:20454628:Hodge-Moore
Perez and Sons:3348 Danielle Locks:81271:84643778:White, Nelson and Butler
Nelson LLC:9226 Charles Ways Suite 926:38296:91243104:Mckee, Harrell and Martinez
Peterson, Gordon and Davis:383 Ryan Stravenue Apt. 211:63168:12891813:Gibson, Hahn and Morris
Leonard, Munoz and Sellers:682 Campbell Cove:54935:3782837:Dunlap Ltd
Gomez and Sons:655 Smith Port:67899:16749977:Dunn, Williams and Garcia
Vincent-Galloway:85770 Norton Underpass:32869:40375033:Burgess, Wilson and Robinson
Johnson, Wise and Burns:55394 Lindsey Landing:86750:53788445:Lee-Jones
Black, Lopez and Howard:492 Mills Islands:47725:40114160:Brooks, Hines and Scott
Brown, Foster and Prince:40463 Sarah Circle Apt. 025:98094:29270911:Massey, Long and Clayton
Aguirre LLC:11735 Stephen Cape Apt. 940:73752:83750471:Reed, Davis and Roberts
Howard-Becker:290 Potts Hills:53386:18591838:Vance-Vasquez
Baker, Bradford and Neal:01929 Knox Stravenue:92907:59064668:Wright, Cook and Day
Sims Inc:305 Rachael Islands Suite 339:77529:20135622:Alvarez, Elliott and Morgan
Tanner and Sons:14387 Robert Ford Suite 010:40058:33326975:Valdez-Moore
Jones-Petersen:55798 Watkins Harbors Suite 440:55130:37965118:Walsh Group
Brooks-Hall:93904 Jennifer Springs:69337:12355759:Nguyen Inc
Jennings Inc:290 Frank Streets:79731:41462992:Summers Ltd
Cohen, Cooper and Perkins:9997 Russell Estate Apt. 424:30865:3896968:Walker PLC
Walter-Williams:9762 Smith Cliffs Suite 721:43247:53243187:Wells, Castillo and Briggs
Nguyen-Ho:1307 Stein Track Suite 284:52340:45902429:Gross-Frank
Williams Ltd:154 Martin Knoll:78294:95540533:Phillips, Hill and Snyder
Williams Group:1323 Estrada Junctions Apt. 467:70785:34998341:Crawford PLC
Morris, Ramirez and Davis:6467 Harrison Drive Suite 696:37512:31438078:Cooper PLC
Gomez, Smith and Perkins:68490 Moore Circles:92979:32407246:Simpson, Martin and Nichols
Jensen, Richardson and Williams:288 Castillo Unions:50011:48471729:Schwartz and Sons
Watson Inc:23792 Daniel Squares Suite 640:52753:27944833:Brown PLC
Shah-Mcclure:02704 Gill Burgs Apt. 240:86004:5271113:Ruiz Ltd
Wong-Young:01162 Madden Knolls Suite 176:48202:54112295:Gordon, Randall and Mcmahon
White, Brown and Lawson:808 Maldonado Alley Suite 503:96630:75268161:Murphy, Davis and Thompson
Robinson, Holloway and Young:0689 Wilson Villages:42341:39004134:Richards Inc
Mendoza, Flores and Cole:4457 Bradley Common:36102:68452414:Barron, Ford and Johnson
Hernandez PLC:754 Jennifer Shoals Suite 194:87727:30338369:Mullen-Harding
Singleton PLC:688 Jacob Mill:36033:87453898:Perez and Sons
Aguilar and Sons:73525 Christine Avenue:57424:92447971:Ayala-Walker
Graves PLC:59239 Natasha Forges:65713:28879541:Baker, Bradford and Neal
Robinson-Smith:8075 Debra Neck Suite 481:42912:38020690:Chavez-Adams
Deleon-Miles:085 Stacey Corners:80444:97104927:Estrada, Thomas and Woods
Gutierrez, Kirby and Wall:561 Zachary Parks Apt. 367:62601:65387607:Schwartz-Lewis
Todd Inc:534 Watson Street:84680:76103966:West-Black
Johnson-Adkins:553 Rebecca Throughway:70978:49647656:English, Ward and Graham
Herrera Inc:98566 Teresa Pines Apt. 133:99970:5102416:Hodge-Moore
Garcia Group:352 Moore Drives Apt. 079:45049:2434465:Turner, Campbell and Henderson
Powell and Sons:061 Bailey Neck:63545:34629154:Martin-Stewart
Washington-Medina:8016 Jessica Harbors:92485:94073482:Lane, Berg and Wu
Cortez LLC:6737 Brandon Flat:45359:3288374:Rodriguez-Mcdaniel
Hubbard Ltd:9608 Nancy Mews Apt. 538:62415:94130010:Novak, Turner and Wallace
Lee, Clark and Burns:250 Hall Stream Apt. 089:56458:41993545:Reyes, Garcia and Palmer
Joseph-Johnson:5928 Miller Islands:62387:93754293:Berry Group
Barrett LLC:82044 Shelton Loop:51047:58329119:Deleon-Miles
Holmes, Lewis and Miller:945 White Junction:67469:89319808:Griffin LLC
Parker-Sanchez:76244 Jackson Branch:34590:45652871:Hubbard Ltd
Thompson-Lopez:846 Susan Prairie:72962:28951607:Doyle-Gates
Brown, Jones and Maynard:72984 Beverly Springs:96416:52990874:Robinson, Chavez and Shaffer
Ryan-Berry:42719 Sarah River Apt. 262:66121:73050304:King, Smith and Gonzalez
Arnold Ltd:4731 Sharon River:38459:2044609:Baker-Boyer
Romero, Crawford and Gross:92891 Hensley Square:54895:33117098:Fitzgerald, Perkins and Watkins
West, James and Phillips:99423 Michael Garden:37368:19316244:Williams Ltd
Banks-Smith:29214 Steven Viaduct Apt. 988:79212:83420311:Long, Warren and Anderson
Robinson LLC:66644 Scott Neck Apt. 803:40109:25299723:Patterson-Cruz
Henderson, Rodriguez and Wagner:1449 Kristina Stream:51270:74586758:Jacobson Ltd
Jones Group:189 Michelle Camp Suite 639:52267:86188506:Ross Inc
Bell LLC:946 Wells Skyway:77680:96543849:Martinez-Gutierrez
Webb-Sims:0624 Zachary Station:56277:31638766:Reese and Sons
Smith-Maldonado:56622 French Plaza Apt. 259:85895:92919791:Jones, Dickson and Curtis
Kramer LLC:895 Wolfe Via Apt. 469:86784:53018629:Burke, Butler and Smith
Ferrell, Chavez and Webb:4696 Amanda Pike:97009:48101990:Woodard-Spencer
Rodriguez and Sons:430 Rios Mills:88395:3485592:Martin, Torres and Smith
Jensen-Grant:57835 Carson Isle Apt. 966:46438:21938482:Collins, Bartlett and Edwards
Dixon, Shea and Anthony:3411 Tyler Summit Suite 097:41113:7966509:Garcia, Marshall and Hudson
Ingram and Sons:029 Shaw Gateway:80516:5771847:Green Group
Bishop, Williams and Solomon:30295 Andrew Overpass Suite 696:64213:56072842:Wong-Young
Gill, Riley and Graham:69778 Jeffrey Station Apt. 318:51714:54311862:Jones-Quinn
Kim-Francis:58533 Garcia Isle Suite 467:71509:19918953:Beck-Franklin
Young, Lawson and Harding:759 Kimberly Land:84600:59960818:Case-Rivera
Melton, Marshall and Carroll:33089 Mcdonald Well:65770:68283240:Hodge-Moore
Colon, Stark and Murphy:0199 Derek Courts Suite 945:41156:38476110:Thompson LLC
Irwin LLC:30156 Denise Stream:55058:91105023:Brooks-Hall
Butler LLC:492 Thomas Green Apt. 768:49603:65622433:James-Lowery
Crawford-Butler:784 Lori Park:58357:23756492:Henson Ltd
Riddle Ltd:995 Richard Estates Suite 655:81791:63128039:Erickson-Schwartz
Hunt-Pierce:8432 Harvey Club:48699:26045942:Copeland PLC
Mays-Stevens:916 Alexandria Green Apt. 897:56714:16533115:Petersen-Harrison
Lambert, Walters and Black:04053 Mcdonald Branch:32276:32776533:Butler LLC
Howard-Bullock:803 Simon Points Suite 069:66096:34776532:Lee Ltd
Todd Group:0197 Jonathan Fork:56036:32607138:Willis, Bowman and Reed
Phillips, Williams and Martinez:538 Jonathan Lodge:82627:4484802:Tanner and Sons
Mcguire LLC:8635 Lozano Ports Suite 714:90934:42035403:Hanson, Kidd and Reyes
Lucas-Wheeler:88817 Todd Walks Apt. 515:36620:63487573:King, Smith and Gonzalez
Peterson PLC:246 James Forge:58722:30590390:Moore, Gordon and Howard
Zhang, Merritt and Hughes:9432 Elizabeth Lodge Apt. 019:71996:84804704:Hayes-Diaz
Hansen-Booth:948 Williams Cape:35731:19499850:Medina-Peters
Chang, Martin and Jones:540 Howell Lights:43468:12775735:Gonzalez Ltd
Williams, Terry and Simmons:52078 Zachary Terrace:98132:22326330:Gordon, Randall and Mcmahon
Palmer, Douglas and Miller:549 Jensen Falls Suite 105:30095:60776235:Galvan and Sons
Garrett Ltd:6668 Wilkerson Landing:83786:62808999:Williams-Ross
Smith-Mack:39004 Combs Streets Suite 130:95202:5752731:Johnson Inc
Powell-Wilcox:221 Clarke Keys Apt. 156:46817:52159226:Harris, Duncan and Colon
Thompson, Cole and Morrison:62681 Yates Trail Suite 776:37228:71712287:King, Swanson and Ward
Moore, Garcia and Horton:270 Sanders Plaza Suite 719:75181:15895574:Dickson-Pineda
Martin, Russell and Henry:662 Michael Mews:44763:3849475:Robinson LLC
Nielsen, Carr and Deleon:74996 Kyle Lane Apt. 344:95858:82177661:Pugh Inc
Chandler Ltd:6000 Sarah Harbors:43869:93330415:Johnson-Adkins
Montoya-Gutierrez:9841 Powers Fall Apt. 835:87855:26252780:Summers Ltd
Moore, Lopez and Campbell:3564 Kim Greens:86750:60918054:Gonzalez Ltd
Matthews Group:8040 Carr Rapids:38137:49612585:Whitehead-Hodge
Christian, Hood and Munoz:8135 Glass Ports:49672:27426263:Rodriguez-Mcdaniel
Foster, May and Hanson:32064 Rhodes Isle:71935:50870507:Moore-Carr
Williams-Mccoy:5507 Haas Isle Apt. 701:90600:27586009:Crawford, Freeman and Rice
Graham, Patterson and Gordon:147 Jill Mill Apt. 134:35364:92875670:Molina-Williams
Hayden-Smith:33795 Allen Well:90027:68192232:Myers-Aguilar
Mcknight-Case:78885 Jacobs Hill:64455:58875930:Ferrell, Chavez and Webb
Morrison, Taylor and Scott:0443 Crystal Station Apt. 654:97274:92249044:Evans and Sons
Vargas, Scott and Taylor:7256 David Court Apt. 403:83122:5650557:Irwin, Hatfield and Rush
Adams-Hayes:6811 Lambert Drive:93004:37655169:Mcfarland Group
Velez-Chavez:98545 Nathaniel Mission Suite 069:47397:76576656:Robinson, Holloway and Young
Carlson-Wright:378 George Center:74991:3815973:Diaz, Bates and Espinoza
Barr, Porter and Russo:432 Jake Manors Apt. 206:69581:22427306:Ross-Irwin
Jones, Brooks and Newman:497 Edward Circles Apt. 130:94034:94570931:Payne-Ward
Wagner, Spencer and Shah:896 Martinez Crest Apt. 524:99073:34430057:Aguilar Ltd
Johnson-Spencer:7777 Ferrell Rue Apt. 238:76698:19753235:Ward, Evans and Smith
Smith-Velazquez:91808 Jones Motorway Suite 813:74935:30724129:Cruz, Mccarthy and Rubio
Ross-Romero:34295 Kevin Isle Suite 903:58268:17062229:French, Mckinney and Price
Marsh-Thompson:01563 Gregory Forest Suite 101:85830:87047912:Curry-Williams
Porter-Monroe:684 Jennifer Curve Apt. 143:94367:28401920:Lucas and Sons
Evans-Houston:51931 Meyer Trace Apt. 600:68263:16692761:Arnold Ltd
Harper Inc:1695 Craig Streets:64947:8783847:Jones, Dickson and Curtis
Vincent-Mccoy:6759 Michael Stream Suite 254:86812:50490065:Tucker, Powell and Cook
Franklin-Smith:35084 Glass Ridge:94721:81020752:Gray PLC
Curtis, Schaefer and Mcguire:93857 Gibson Estate Suite 758:82787:72176400:Palmer, Douglas and Miller
White and Sons:5811 Sandra Circle Apt. 006:63879:75337022:Moore-Greene
Jimenez-Walsh:393 Adams Greens:52247:60949828:Davila Inc
Hopkins-Osborn:66998 Marshall Inlet:60541:15965089:Cardenas Inc
Peterson, Martinez and Cohen:7120 William Brook:31051:78436252:Williams-Mccoy
Stevens Ltd:7986 Mejia Lodge Apt. 200:45099:36829739:Pugh Inc
