0:Hill, Parsons and Lowe:4578187313:debit:MIR:39060:1986-05-25
1:Dalton LLC:4598706493:credit:MASTERCARD:74653:2009-10-16
2:Osborne, Ward and Walker:4527821407:credit:VISA:88987:2013-03-31
3:Smith-Gonzales:4577111917:credit:MASTERCARD:19665:1976-10-22
4:Evans-Houston:4542983515:debit:VISA:51535:1990-12-30
5:Smith, Cooper and West:4513551632:credit:MIR:19967:1980-01-29
6:Henson Ltd:4509735783:credit:VISA:82330:2022-01-03
7:Howard-Bullock:4504571662:credit:VISA:20187:1988-12-15
8:Davila Inc:4516392912:credit:MASTERCARD:17229:1985-01-25
9:Blake Ltd:4502239733:credit:MASTERCARD:5082:2019-09-04
10:Ross-Romero:4594321953:debit:MIR:63865:1970-11-26
11:Johnson LLC:4572671694:debit:MIR:29087:1989-03-08
12:Hurst, Mcintyre and Smith:4568359438:debit:VISA:61822:2010-04-28
13:Russo, Bryant and Leblanc:4561187582:debit:MASTERCARD:74301:1978-10-17
14:Holt-Coleman:4563498464:credit:MASTERCARD:58974:2000-01-08
15:Hayden-Smith:4531028761:debit:VISA:14815:2006-06-16
16:Tran-Stone:4549464220:debit:MIR:3367:1995-10-29
17:Taylor, Howell and Fox:4547264541:debit:VISA:3124:1971-09-29
18:Wright, Thompson and Miller:4546085645:debit:MASTERCARD:90030:1985-05-10
19:Ayala-Walker:4596523433:credit:MASTERCARD:24208:2003-07-25
20:Norris LLC:4587837767:debit:MASTERCARD:31309:2020-01-03
21:Gomez, Smith and Perkins:4554655075:debit:MASTERCARD:36142:2019-12-13
22:Johnson-Jones:4575127536:credit:MIR:20373:2018-09-27
23:Moore Inc:4515738125:credit:MASTERCARD:16334:2007-11-12
24:Baker-Rodgers:4567878352:credit:VISA:93478:1995-01-05
25:Reynolds, Burgess and Davenport:4573250387:debit:MASTERCARD:62992:1985-06-22
26:Russell Ltd:4536112170:debit:MASTERCARD:18457:2011-12-11
27:Jackson and Sons:4507148166:credit:MIR:12870:2000-06-23
28:Navarro, Hodges and Warren:4544342141:credit:VISA:52486:1990-03-18
29:Jacobs, Chan and Pruitt:4515577541:credit:MIR:42284:1975-03-05
30:Bennett, Smith and Sanchez:4536920292:credit:VISA:50471:2001-07-08
31:Mccoy Ltd:4571240619:credit:MASTERCARD:46468:1994-10-15
32:Hahn, Scott and Jimenez:4555957797:credit:VISA:80564:2016-12-03
33:Fitzgerald, Perkins and Watkins:4507497192:debit:MIR:35327:2002-09-26
34:Willis, Bowman and Reed:4594532712:debit:VISA:63143:2021-08-08
35:Roberts Inc:4554980079:debit:VISA:38426:2001-05-20
36:Rivera Ltd:4560686939:credit:VISA:63648:2019-08-29
37:Perry-Walter:4534277865:debit:VISA:18695:1974-03-22
38:Hernandez, Hanson and White:4553172043:debit:MIR:49533:1993-06-04
39:Gonzalez PLC:4542420180:debit:MASTERCARD:42557:1975-06-07
40:Simon LLC:4512209894:debit:MIR:71029:1970-09-06
41:Brown, Jones and Maynard:4568516743:credit:MASTERCARD:39627:2007-05-11
42:Wright and Sons:4513329350:credit:MIR:90535:2014-08-01
43:Garcia LLC:4542751826:credit:VISA:37699:2002-11-29
44:Boyd-Martin:4575127536:credit:VISA:92824:2017-11-02
45:Marshall, Thompson and Williams:4559043401:credit:MASTERCARD:37067:2004-09-12
46:Kelly, Potts and Padilla:4545037273:debit:MASTERCARD:87011:2004-09-23
47:Schwartz-Lewis:4512380743:credit:VISA:50456:2006-06-04
48:Terrell, Meadows and Velez:4560686939:debit:VISA:79984:1994-05-15
49:Hicks-Powell:4535523793:debit:MIR:70792:2010-01-02
50:Dawson-Peterson:4510857944:credit:MASTERCARD:79801:2018-07-16
51:Hoffman-Phillips:4596911164:credit:MASTERCARD:91016:1982-08-13
52:Lee-Day:4512216441:debit:MASTERCARD:44747:1974-07-16
53:Lucas-Wheeler:4578836285:credit:MASTERCARD:93374:1983-10-29
54:Morton-Clay:4590983944:debit:VISA:31567:1982-08-29
55:Moore, Lopez and Campbell:4549707039:credit:MIR:39152:2018-01-19
56:Campbell, Burgess and West:4556774414:debit:MASTERCARD:4336:1973-07-23
57:Johnson-Rojas:4575254563:credit:VISA:13994:2015-08-12
58:Carlson-Wright:4563957105:credit:VISA:55745:1997-10-06
59:Wright, Thompson and Miller:4543153023:debit:VISA:88056:2011-09-11
60:Taylor PLC:4526402349:debit:MIR:91021:1973-03-23
61:Johnson, Gray and Dawson:4507083135:credit:MASTERCARD:4133:1993-08-18
62:Alexander-Wilson:4544211325:debit:VISA:46474:2001-10-11
63:Rivera, Dixon and Lester:4522799851:debit:MASTERCARD:27763:1971-07-06
64:Copeland PLC:4513719403:debit:MIR:52314:1970-03-27
65:Banks-Smith:4535840625:debit:MIR:95454:2017-08-08
66:Fernandez, Williams and Miller:4510647245:debit:VISA:39503:1984-07-31
67:Burgess, Wilson and Robinson:4540921358:debit:MIR:15364:1974-10-04
68:Miller and Sons:4547449304:credit:MIR:41092:2012-12-21
69:Wilson-Moses:4503619506:credit:MIR:96846:2007-02-17
70:Henry-Kennedy:4580360381:credit:MASTERCARD:87217:1972-03-16
71:Hernandez, Price and Goodman:4596523433:credit:MASTERCARD:724:1998-09-05
72:King, Mooney and Greer:4500028090:debit:MASTERCARD:52587:2016-02-06
73:Morton-Clay:4594958012:debit:MIR:9642:1974-03-11
74:Bowers-Shaffer:4586830994:credit:VISA:87747:2017-08-21
75:Rodriguez, Stuart and Rasmussen:4599177873:debit:MIR:81773:1988-11-19
76:Bell and Sons:4554228469:credit:MASTERCARD:76156:1982-01-02
77:Spears, Figueroa and Rivera:4508709620:credit:MASTERCARD:53403:2011-03-21
78:Richardson, Hampton and Scott:4530008525:debit:MASTERCARD:52666:2015-10-25
79:Murphy, Garcia and Dorsey:4513495905:debit:VISA:47540:1994-01-16
80:Houston, Drake and Mays:4529704534:credit:VISA:52512:2007-08-15
81:Williamson, Lang and Wong:4548765223:credit:MASTERCARD:35398:1971-10-03
82:Cunningham, Wilkinson and Torres:4513719403:credit:VISA:32455:1970-03-28
83:Patterson-Cruz:4578425464:credit:MIR:70996:2000-02-25
84:Morales PLC:4543042723:credit:VISA:40838:1972-11-16
85:Johnson and Sons:4503815623:debit:MASTERCARD:83185:2019-09-29
86:Harris, Duncan and Colon:4549564963:debit:MASTERCARD:81234:1985-12-07
87:Roberts Group:4521659820:credit:VISA:91128:1970-10-10
88:Cardenas Inc:4500028090:credit:MIR:35971:1975-08-06
89:Burns and Sons:4590104585:credit:MIR:70084:2006-09-05
90:Berry Group:4557919705:debit:VISA:45945:1990-12-04
91:Heath, Terry and Adkins:4543042723:debit:VISA:97289:1991-09-26
92:Dorsey Ltd:4507990410:credit:MIR:29616:1991-03-04
93:Wilson Ltd:4539014967:credit:MASTERCARD:7918:1974-05-01
94:Baker-Berry:4533694541:debit:MIR:58883:2013-01-16
95:Hickman, Bradley and Weaver:4558394693:credit:MIR:96970:1979-05-18
96:Wilson, Schneider and Wallace:4580011581:debit:MASTERCARD:70144:2009-08-15
97:Ayala-Walker:4570980189:credit:VISA:62911:2017-07-14
98:Hahn, Scott and Jimenez:4515258843:debit:MASTERCARD:56419:2005-04-06
99:Myers, Walter and Walters:4555601393:debit:VISA:86598:1974-01-21
100:Le Group:4546034463:credit:MASTERCARD:57242:1978-01-25
101:Olson, Williams and Wilson:4571011123:credit:MIR:81433:2011-06-16
102:Marsh, Gallagher and Cannon:4536017233:credit:MASTERCARD:94062:1978-05-08
103:Jones Ltd:4512549030:credit:MIR:14309:1997-10-18
104:Smith-Maldonado:4531519959:credit:MASTERCARD:16929:2004-11-21
105:Carr, Young and Frederick:4503815623:debit:VISA:36460:2020-07-30
106:Irwin LLC:4582971201:credit:MASTERCARD:87071:1992-05-22
107:Cox Ltd:4594287648:debit:VISA:90772:1987-10-09
108:Anderson-Calderon:4524207915:credit:VISA:77427:1984-01-29
109:Jackson, Lee and Mathis:4554364236:debit:MASTERCARD:50796:1988-11-09
110:Kidd Ltd:4503308021:credit:VISA:36702:2019-05-25
111:Good-Rowe:4596555413:credit:VISA:26878:2009-09-09
112:Morris-Hill:4505956039:debit:VISA:71637:2009-01-29
113:Ayala-Walker:4514186914:credit:MASTERCARD:27447:1984-05-01
114:Castaneda, Barber and Bennett:4562725176:credit:MASTERCARD:7889:2005-10-15
115:Woodard-Spencer:4547893538:debit:MIR:70785:1991-10-27
116:Foster-Maldonado:4581380401:credit:MASTERCARD:82425:1974-06-06
117:Robinson, Chavez and Shaffer:4525975497:credit:VISA:57385:1980-03-04
118:Nguyen Inc:4592834973:credit:VISA:8376:2006-12-20
119:Freeman-Ramos:4574860640:debit:MASTERCARD:55387:2010-10-28
120:Wood-Harris:4570594437:debit:MIR:87477:1973-04-27
121:Carson, Shaw and Caldwell:4500960861:credit:MASTERCARD:51412:2004-12-17
122:White Ltd:4580205026:credit:VISA:78144:2019-08-18
123:Holland Group:4504934322:credit:MASTERCARD:68673:1997-11-10
124:Simmons, Myers and Christensen:4580040664:credit:MIR:970:2015-08-14
125:Foster, May and Hanson:4590862165:credit:MASTERCARD:38805:1979-12-03
126:Gardner-Riley:4588678650:credit:VISA:89521:1990-08-08
127:Allen, Morales and Foster:4597716063:debit:VISA:6643:1986-01-27
128:Ochoa Inc:4503593827:debit:VISA:85886:1981-05-02
129:Alexander-Wilson:4558435350:credit:MASTERCARD:56102:1994-10-28
130:Scott Group:4584288609:debit:MIR:46829:2008-11-22
131:Padilla-White:4593865366:credit:MASTERCARD:4126:2001-07-14
132:Fernandez, Murray and Hanson:4548805574:credit:MIR:23923:1975-03-07
133:Schwartz-Lewis:4551163615:credit:MIR:39560:2004-01-27
134:Smith-Brooks:4588678650:debit:VISA:96038:2012-02-11
135:Watson-Le:4529966480:debit:MIR:53448:1980-10-31
136:Arnold Ltd:4596270098:debit:MASTERCARD:58383:2009-03-10
137:Wilson-Hill:4521459429:credit:MASTERCARD:89339:1973-10-18
138:Villarreal, Wright and Scott:4599147271:credit:MIR:75043:1982-02-14
139:Mccoy Ltd:4574860135:debit:MIR:81418:2022-01-30
140:Frazier LLC:4538998985:credit:VISA:17939:2012-09-07
141:Gonzales, Waller and Peterson:4503859339:credit:VISA:77364:2012-01-20
142:Wright-Weber:4571542576:credit:MASTERCARD:39359:2009-02-17
143:Mitchell, Gomez and Edwards:4516278354:credit:VISA:88884:1984-02-19
144:Rivera-Rowe:4505244191:credit:VISA:98625:2007-07-12
145:Bauer-Ross:4569814660:credit:VISA:33193:1997-04-05
146:Powell LLC:4535607337:debit:VISA:26384:2011-05-09
147:Frederick, Archer and Miller:4542713654:credit:VISA:38403:1974-10-22
148:Graham, White and Willis:4502000487:credit:MASTERCARD:61975:2018-03-19
149:Harris, Camacho and Sloan:4541876182:credit:VISA:22984:1977-05-05
150:Schwartz and Sons:4540921358:debit:VISA:99840:1976-09-25
151:Bryant-Hunt:4565096237:credit:VISA:37578:1997-12-31
152:Johnson-Hall:4517967481:credit:VISA:81709:1980-05-27
153:Lawson Group:4599147271:credit:MIR:51173:1992-11-02
154:Burton Inc:4593866821:credit:MIR:98906:1977-04-26
155:Adams, Smith and Evans:4547695484:debit:VISA:82161:1981-04-05
156:Torres PLC:4593865366:credit:VISA:41674:1995-09-03
157:Porter, Gross and Nolan:4565055798:credit:MIR:37916:1975-03-27
158:Gomez-Martinez:4507787690:credit:VISA:74711:1979-04-23
159:Clark, Perkins and Woods:4550744658:credit:VISA:5263:1985-07-09
160:Long Group:4531939710:debit:MIR:33968:2012-06-29
161:Wood, Maldonado and Hayes:4575434547:debit:MIR:2334:2010-03-07
162:Sanchez LLC:4594063828:credit:VISA:93743:2010-04-24
163:Stewart Inc:4575433014:credit:VISA:59577:2013-11-23
164:Serrano-Osborne:4540035943:debit:MASTERCARD:70839:2001-11-21
165:Wilkins Group:4567584743:credit:MIR:85984:1978-10-18
166:Martin-Stewart:4572711222:debit:MIR:32360:2020-02-07
167:Scott Ltd:4591879898:debit:MIR:93769:1989-04-02
168:Cardenas Inc:4522866740:debit:MIR:69961:2021-07-20
169:Moore-Smith:4554228469:credit:VISA:34840:2021-08-05
170:Long Group:4528691648:debit:VISA:19941:1980-12-18
171:Crawford, Freeman and Rice:4599189001:credit:MASTERCARD:41801:2002-12-28
172:Hanson, Kidd and Reyes:4572823144:debit:MASTERCARD:1673:2009-01-15
173:Thompson, Martin and Chavez:4570672432:credit:MASTERCARD:11434:1980-06-27
174:Freeman, Graves and Stewart:4536079037:debit:MIR:45634:2021-07-13
175:Tucker, Powell and Cook:4596378416:debit:MIR:54451:1990-06-07
176:Walters, Abbott and Delacruz:4547712499:credit:MIR:51097:2021-03-10
177:Foster and Sons:4537766517:credit:VISA:50856:2005-12-09
178:Hayes-Stafford:4544469098:credit:VISA:74098:2009-01-06
179:Tyler PLC:4539537400:debit:MASTERCARD:62561:1989-02-02
180:Rodriguez-Mcdaniel:4594523658:debit:VISA:13245:1997-07-27
181:Barr, Porter and Russo:4516278354:debit:VISA:96570:1999-08-20
182:Burke PLC:4536920292:debit:VISA:3803:2005-01-06
183:Murphy Ltd:4593569039:credit:MASTERCARD:47825:1981-10-16
184:Gibson Inc:4591686884:debit:VISA:49800:2014-09-13
185:Gibson Group:4570544420:credit:VISA:27501:1983-06-17
186:Perkins and Sons:4593037608:debit:MIR:6750:2000-10-02
187:Roberts Group:4509134665:debit:VISA:27812:1976-07-08
188:Webb Ltd:4543860584:credit:VISA:21713:1971-06-19
189:Dunn, Wells and Jacobs:4542425783:debit:MASTERCARD:98270:2017-04-09
190:Gordon, Franklin and Green:4519093648:credit:MASTERCARD:80172:1982-10-31
191:Johnson Inc:4540432074:credit:VISA:37776:1995-02-26
192:Gonzalez, Fowler and Cobb:4516113263:debit:MIR:99793:1975-05-11
193:Jones, Johnson and Johnson:4510637368:credit:VISA:41983:1999-07-20
194:Burke PLC:4579740046:credit:MASTERCARD:45479:2011-09-24
195:Brown and Sons:4532972080:credit:MASTERCARD:55095:2000-08-24
196:Moyer, Mitchell and Boyle:4507597756:debit:MASTERCARD:33242:1983-10-03
197:Morris-Hill:4501843855:credit:MASTERCARD:40911:1985-03-18
198:Hall-Morse:4501137087:debit:MASTERCARD:90822:2012-06-25
199:Dawson-Peterson:4557806508:debit:MIR:44935:2016-09-29
200:Long Group:4570544420:credit:MASTERCARD:3284:2020-04-30
201:Wallace-Potts:4557353782:debit:VISA:19206:2015-07-22
202:Cole-Mayo:4539014967:credit:MIR:58871:1997-11-09
203:Brown Ltd:4504317627:credit:VISA:998:2013-12-27
204:Hoffman, Moyer and Blackwell:4540813904:credit:VISA:53547:2011-11-07
205:Gibbs-Marshall:4561545391:debit:MIR:39919:2022-05-24
206:Morrison Ltd:4575127536:credit:VISA:30209:1971-01-02
207:Wallace-Potts:4513597593:credit:MIR:20573:2016-12-25
208:Palmer, Douglas and Miller:4543395261:debit:MASTERCARD:27761:2004-07-13
209:Lloyd PLC:4544596988:debit:VISA:78652:1997-03-24
210:Castaneda, Mcdaniel and Carroll:4567063328:credit:MASTERCARD:45648:2012-08-23
211:Butler LLC:4515738125:credit:MASTERCARD:33903:2005-11-03
212:Peters-Pollard:4532972080:debit:VISA:33410:1984-12-06
213:Mayer, Johnson and Drake:4567328990:debit:MIR:22602:1976-07-23
214:Hunt-Pierce:4560090061:debit:VISA:66151:2010-08-07
215:Mcdaniel Group:4546718093:credit:VISA:41900:1992-11-08
216:Olson Group:4589148873:credit:VISA:71276:1996-10-18
217:Hernandez, Hanson and White:4582971201:debit:VISA:57342:2000-06-08
218:Good-Rowe:4512889130:debit:VISA:75045:1991-07-31
219:Petty-Banks:4544471916:credit:MASTERCARD:9865:2001-03-31
220:Jones, Johnson and Johnson:4569920119:credit:MIR:21614:2003-05-09
221:Marsh-Thompson:4527821407:credit:MIR:10987:2003-03-06
222:Avery-Gordon:4541302067:debit:MASTERCARD:95596:2021-08-05
223:Watson LLC:4578425464:credit:MIR:32927:2009-06-10
224:Malone Group:4596745431:credit:VISA:70093:2020-05-20
225:Irwin, Hatfield and Rush:4574725041:debit:MASTERCARD:2893:2005-02-08
226:Mendez-Singh:4502244826:debit:MASTERCARD:26171:2018-11-14
227:Garcia, Marshall and Hudson:4521459429:debit:VISA:37029:2015-12-24
228:Allen and Sons:4540813904:credit:MASTERCARD:27032:1978-09-26
229:Beck-Franklin:4568176970:credit:VISA:80756:1981-04-18
230:Salazar-Good:4509293640:debit:VISA:94433:1981-03-02
231:Ross PLC:4590819348:credit:MIR:55221:1992-12-24
232:Tucker, Powell and Cook:4524207915:credit:MASTERCARD:72178:2013-11-07
233:Wilson-Moses:4542425783:credit:VISA:46324:1984-09-02
234:Jones Group:4563969958:debit:MASTERCARD:28710:1982-12-02
235:Stevens Ltd:4596523433:credit:MASTERCARD:52991:1994-03-14
236:James-Lowery:4593229840:credit:MIR:90299:2012-10-26
237:Garcia Inc:4563902297:credit:VISA:62721:1986-07-15
238:Dixon-Vasquez:4573136832:debit:MASTERCARD:15074:1986-10-20
239:Gonzalez, Fowler and Cobb:4510637368:credit:MIR:72903:1990-12-21
240:Morales Ltd:4591321333:credit:MASTERCARD:92997:2005-06-27
241:Fox-Barnes:4580040664:debit:VISA:88311:1996-07-19
242:Stanton and Sons:4595300338:credit:MASTERCARD:91177:2009-02-05
243:Howard-Acosta:4503042239:credit:MASTERCARD:75533:2018-06-12
244:Smith, Mccormick and Gregory:4557426160:credit:VISA:53612:1990-06-13
245:Bell LLC:4593220858:debit:MASTERCARD:90673:1974-05-12
246:Moore-Carney:4512216441:debit:VISA:10250:2010-06-13
247:Garrett Ltd:4559567363:debit:VISA:98408:2003-01-22
248:Lopez, Mccoy and Peters:4574338341:debit:MIR:18842:1998-03-19
249:Wilkins Group:4572482309:credit:VISA:61753:1998-09-27
250:Howard-Becker:4542098113:debit:MASTERCARD:54730:1989-10-07
251:Whitehead-Hodge:4596555413:credit:MASTERCARD:59263:1971-12-02
252:Long, King and Anthony:4555762059:credit:VISA:73524:1972-10-23
253:Sims Inc:4551449127:credit:MASTERCARD:17506:2019-02-09
254:Miller-James:4534062110:debit:MIR:55552:1986-02-22
255:Dawson-Peterson:4547511809:credit:MASTERCARD:40547:2002-02-03
256:Brown Group:4525136614:debit:VISA:52311:1991-09-03
257:Chandler Ltd:4540668158:debit:MIR:64781:2018-12-12
258:Hall-Floyd:4503030339:debit:VISA:55871:1984-08-02
259:Rice Inc:4516392912:debit:VISA:5095:1992-11-13
260:Cruz, Mccarthy and Rubio:4547893555:debit:VISA:28042:1984-10-05
261:Shelton, Alvarado and Pierce:4589148873:debit:MIR:11484:2005-06-13
262:Stewart-Smith:4572907387:credit:MASTERCARD:66834:1988-03-23
263:Novak, Turner and Wallace:4530685032:debit:MASTERCARD:96830:2002-05-07
264:Lowe LLC:4532717970:debit:VISA:52220:2012-11-26
265:Gonzalez, Fowler and Cobb:4587907552:debit:MASTERCARD:53411:2017-08-27
266:Costa, Gutierrez and Perez:4561274722:credit:VISA:17277:1996-10-27
267:Sims Inc:4500028090:debit:MIR:84863:1992-06-16
268:Higgins Ltd:4528762588:credit:VISA:49497:1994-05-10
269:Lewis, Hopkins and Becker:4557353782:credit:MASTERCARD:68849:2013-08-08
270:Thompson LLC:4521093956:credit:MASTERCARD:18829:1986-02-24
271:Reynolds-Adams:4572885287:credit:MIR:27253:1991-06-22
272:Hall-Harris:4563902297:credit:MIR:45110:2012-02-29
273:Smith PLC:4593220858:debit:MIR:2095:2003-08-30
274:Green Group:4512251739:debit:MIR:22095:1990-05-12
275:Jensen, Richardson and Williams:4583947396:debit:VISA:31623:2020-07-08
276:Rodriguez-Moore:4588480867:debit:VISA:11202:1993-11-15
277:Johnson-Sutton:4503593827:debit:VISA:13899:2015-08-19
278:Moore Group:4518612672:debit:MIR:58281:1988-02-13
279:Smith Group:4582558356:debit:VISA:50346:1990-05-08
280:Carr, Baker and Duke:4512728166:debit:VISA:55100:1970-09-28
281:Reyes-Ayala:4596270098:debit:MIR:58750:2017-11-02
282:Lopez Inc:4533527102:debit:VISA:67212:2005-10-26
283:Robinson LLC:4533969088:debit:MASTERCARD:5282:2015-01-04
284:Taylor-Ruiz:4557806508:credit:MIR:4467:2010-10-23
285:Henson Ltd:4513329350:debit:MASTERCARD:30479:1986-09-18
286:Palmer, Douglas and Miller:4513154239:debit:MASTERCARD:82312:2004-08-28
287:Wright, Thompson and Miller:4583879220:credit:MIR:6433:1991-07-30
288:Rogers, Perez and Wilson:4573897278:debit:MIR:12195:2008-06-17
289:Christian, Hood and Munoz:4590104585:credit:MASTERCARD:79277:2011-05-23
290:Fernandez, Williams and Miller:4556417103:credit:VISA:15945:1996-03-17
291:Johnson, Gray and Dawson:4514369471:debit:VISA:32945:1995-03-06
292:Howard-Acosta:4507456933:debit:MASTERCARD:11277:2011-08-01
293:Burke PLC:4503815623:credit:MIR:69146:2001-09-06
294:Powell-Wilcox:4563902297:credit:VISA:23060:1983-09-07
295:Gross-Frank:4594532712:debit:MASTERCARD:11328:1995-09-28
296:Ellis, Brown and Williams:4532031527:credit:MASTERCARD:75217:2003-07-26
297:Schmidt PLC:4513902252:debit:VISA:88663:1973-04-08
298:Heath, Terry and Adkins:4503859339:debit:MASTERCARD:8213:1982-11-10
299:King, Mooney and Greer:4585530605:credit:VISA:25927:1983-08-13
300:Hayes-Diaz:4531028761:debit:MASTERCARD:27136:2018-08-02
301:Bell and Sons:4546593640:debit:VISA:42512:1971-02-16
302:Sanders-Miller:4503507617:debit:MIR:83399:2001-11-27
303:Nelson-Jackson:4546085645:credit:MIR:87734:2010-04-26
304:Mitchell, Gomez and Edwards:4548145561:credit:MIR:35741:1988-08-30
305:Robinson, Holloway and Young:4514655479:credit:VISA:87438:1999-06-15
306:Mendoza, Flores and Cole:4516677551:credit:MIR:47005:2014-02-20
307:Martinez-Gutierrez:4553384649:debit:VISA:17649:1971-04-23
308:Carlson-Wright:4505274658:debit:VISA:22173:2017-02-02
309:Zhang, Merritt and Hughes:4525316858:credit:VISA:39356:1986-11-24
310:Moore, Lopez and Campbell:4590722350:credit:MIR:3885:2021-10-31
311:Robinson, Holloway and Young:4521744353:debit:MIR:27032:1973-03-12
312:Porter, Gross and Nolan:4530446851:debit:MASTERCARD:80192:1983-05-16
313:Moore, Gordon and Howard:4573202685:credit:MASTERCARD:53256:2002-05-21
314:Crawford PLC:4593965423:debit:MIR:2921:1986-09-28
315:Ryan and Sons:4587837767:debit:VISA:34963:1981-01-29
316:Morse-Snyder:4539535050:debit:VISA:60056:2017-06-13
317:Harris Inc:4593220858:debit:MASTERCARD:26159:2014-07-29
318:Burton-Terry:4577675143:credit:MIR:41475:2000-05-07
319:Rodriguez-James:4570501405:credit:MASTERCARD:99731:1971-12-19
320:Gibson Group:4598601233:credit:VISA:3851:1991-07-29
321:Williams and Sons:4588678357:debit:VISA:61142:1978-12-03
322:Weber-Valenzuela:4526402349:credit:MIR:25487:1998-02-11
323:Patterson-Cruz:4562725176:credit:VISA:45966:1986-07-23
324:Webb-Green:4530126129:debit:MIR:68723:1987-12-26
325:Harris, Duncan and Colon:4559674906:debit:MASTERCARD:19366:1998-06-11
326:Hahn, Scott and Jimenez:4500960861:debit:MASTERCARD:53441:1986-09-30
327:Webb Ltd:4562463907:debit:MIR:37205:1990-09-18
328:Rogers Inc:4542751826:credit:MIR:92109:1985-09-26
329:Hughes, Medina and Ramirez:4543522606:credit:MASTERCARD:65416:1993-09-21
330:Wu, Reynolds and Butler:4521946635:debit:MASTERCARD:10801:2009-11-27
331:Aguilar Ltd:4535885002:credit:MASTERCARD:76739:1989-03-08
332:Robertson-Graves:4588220215:credit:VISA:14258:2021-09-06
333:Singleton PLC:4586404461:credit:MIR:84433:2021-03-01
334:Berger-Ward:4564508846:credit:MIR:80221:1991-08-11
335:Coleman, Garcia and Hood:4592086192:debit:MIR:17787:1999-12-13
336:Campbell, Collins and Bennett:4524163645:debit:VISA:12476:2019-11-20
337:Garcia Inc:4536079037:credit:VISA:25972:1970-10-10
338:Jones, Johnston and Kelly:4557092838:debit:MIR:59156:1991-06-03
339:Johnston-Foster:4591997936:debit:MASTERCARD:69503:2021-08-05
340:Page Inc:4570224780:credit:MIR:65098:1992-02-02
341:Carr, Young and Frederick:4570224780:debit:MASTERCARD:51773:1999-12-01
342:Moore, Garcia and Horton:4572671694:credit:VISA:1357:1978-06-17
343:Garcia, Bentley and Barnes:4578425464:credit:VISA:1180:2012-04-05
344:Molina-Williams:4518164180:credit:MIR:32319:1989-11-29
345:Mitchell-Brown:4512216441:credit:MIR:11885:1997-01-23
346:King, Mooney and Greer:4592770787:credit:VISA:74240:2015-07-04
347:Moore LLC:4591534269:debit:MASTERCARD:60430:1981-02-02
348:Dixon, Shea and Anthony:4571949487:credit:VISA:25837:2004-08-06
349:Shah-Mcclure:4580202779:credit:VISA:32777:2005-09-15
350:Mason Ltd:4512209894:credit:MASTERCARD:83281:2014-10-13
351:Bowers-Shaffer:4570672432:credit:VISA:55813:2003-03-30
352:Sherman LLC:4585924564:credit:MIR:3452:1985-06-03
353:Phillips-Charles:4556417103:debit:VISA:9497:1996-02-06
354:Ritter-Mayer:4522079681:credit:MIR:80833:2009-10-02
355:Porter Ltd:4587837767:debit:MIR:7280:1979-10-16
356:Trevino LLC:4554364236:debit:MASTERCARD:32060:2015-10-12
357:Thompson-Gray:4528352071:debit:MIR:35352:1977-04-21
358:Mason Ltd:4591129019:credit:VISA:48537:1977-03-15
359:Williamson, Lang and Wong:4516009983:credit:VISA:85376:2020-10-06
360:Hart-Thomas:4595855430:debit:VISA:76310:2019-10-21
361:Williams-Waller:4566883108:debit:MIR:56374:1990-08-05
362:Smith LLC:4543042723:debit:MASTERCARD:52126:1995-06-17
363:Lopez Inc:4521093956:credit:VISA:61780:1984-11-30
364:Ryan Ltd:4585482547:debit:VISA:74541:2007-03-17
365:Armstrong, Salazar and Young:4523966180:credit:VISA:68717:1977-06-18
366:Walker PLC:4518367204:credit:VISA:41387:2004-06-18
367:Padilla-Santiago:4538584477:credit:VISA:25971:1988-10-20
368:Smith, Boyd and Mccall:4598403045:debit:VISA:76489:2021-01-28
369:Meyers Ltd:4506667822:debit:MASTERCARD:93088:2008-08-03
370:Johnson-Long:4583325641:credit:MASTERCARD:23391:1974-04-13
371:Farley Ltd:4524906388:credit:MIR:76338:2015-10-25
372:Rose Inc:4567365263:debit:VISA:91257:1997-04-20
373:Stewart-Knight:4559908873:credit:MASTERCARD:97216:1980-05-30
374:Weaver Ltd:4533969088:debit:MASTERCARD:63209:1991-08-13
375:Morales PLC:4518521495:debit:MASTERCARD:68418:1988-02-01
376:Martinez-Gutierrez:4554367894:credit:MIR:26889:1978-08-31
377:Cain-Lopez:4552815796:credit:MASTERCARD:931:1970-06-07
378:Brown-Allen:4566023453:credit:MASTERCARD:68866:2018-03-19
379:Roberts-Khan:4593155832:credit:MIR:79052:1974-12-15
380:Smith-Brooks:4535368724:debit:MASTERCARD:78248:1989-11-13
381:Romero, Crawford and Gross:4594459189:credit:MIR:91673:1993-04-10
382:Morrison Ltd:4500028090:credit:MIR:61449:1997-12-12
383:Irwin, Hatfield and Rush:4568882935:credit:MASTERCARD:97920:1997-03-18
384:Phillips, Phelps and Wilson:4588748953:credit:MASTERCARD:59215:1990-04-20
385:Cain-Lopez:4546709854:credit:MASTERCARD:21295:1993-02-04
386:Austin Inc:4506385929:credit:MASTERCARD:53087:1992-03-07
387:Bonilla, Hebert and Peck:4574725041:credit:MASTERCARD:84865:1982-09-29
388:Anderson, Frank and Jordan:4526627850:credit:MIR:13131:2002-02-19
389:Reyes, Garcia and Palmer:4577477215:credit:VISA:17644:2019-05-26
390:Ayala-Powers:4513159632:debit:MIR:91007:2018-07-05
391:Burton-Terry:4539080419:credit:VISA:91986:2007-02-06
392:Taylor Ltd:4544471916:debit:VISA:5212:2005-10-12
393:Roberts PLC:4598601233:credit:VISA:17178:1999-06-05
394:Chavez-Adams:4528493739:credit:VISA:14009:1985-08-09
395:Phillips, Hill and Snyder:4560012795:debit:MASTERCARD:79113:2014-02-24
396:Vincent-Galloway:4551336484:debit:MIR:50030:1985-04-05
397:Moore Ltd:4568817387:credit:VISA:69944:1991-12-17
398:Wolf-Russell:4543698876:credit:VISA:30396:1999-05-26
399:Williams, Terry and Simmons:4525206983:debit:VISA:22830:1997-12-21
400:Lee-Jones:4537541682:debit:MIR:46948:1978-01-14
401:Hodges-Thomas:4573202685:debit:MIR:4293:1979-08-20
402:Cherry-Thompson:4525052412:credit:VISA:93296:2013-12-19
403:Alexander-Wilson:4571697297:credit:VISA:59860:2010-08-14
404:Leonard, Munoz and Sellers:4563902297:credit:VISA:17168:1983-12-17
405:Kennedy, Fisher and Hill:4575246423:credit:VISA:54373:1988-05-23
406:Gibson Inc:4518822428:credit:MASTERCARD:52724:1993-10-06
407:Taylor LLC:4564537144:credit:MASTERCARD:51743:1989-05-16
408:Robinson Inc:4524520742:debit:VISA:1206:2017-02-22
409:Fox-Garner:4567584743:debit:VISA:6961:2004-09-24
410:Reed, Davis and Roberts:4576205223:credit:MIR:40622:1988-07-10
411:Lynch-Bryan:4594716205:credit:MASTERCARD:18959:1994-02-09
412:Graham, Patterson and Gordon:4599181693:debit:VISA:9721:2019-08-10
413:Green PLC:4503619506:debit:MIR:61042:2006-02-12
414:Green PLC:4502244826:credit:MASTERCARD:10764:1977-05-08
415:Choi-Landry:4507456933:credit:VISA:93738:2009-11-11
416:Valdez-Moore:4547511809:debit:MIR:47961:2001-04-09
417:Horton, Holmes and Miller:4595611575:credit:VISA:56717:2019-06-06
418:Dixon-Vasquez:4582856090:credit:VISA:12923:1971-11-24
419:Ortiz-Manning:4583182119:debit:MASTERCARD:49104:2007-05-18
420:Jacobson Ltd:4592897968:credit:MASTERCARD:27316:1988-03-06
421:Aguilar and Sons:4534062110:credit:MASTERCARD:20679:1990-10-03
422:Daniels, Anderson and Hernandez:4566257669:credit:VISA:49509:1988-10-09
423:Kidd Group:4505111343:debit:VISA:82274:2021-01-29
424:Stephens, Clark and Thompson:4570637771:debit:VISA:64829:2012-10-02
425:Lucas-Wheeler:4562277904:credit:MIR:60597:2014-07-01
426:Anderson, Perry and Smith:4593828540:debit:MASTERCARD:95792:1992-10-14
427:Butler LLC:4512380743:debit:MIR:85713:1982-02-08
428:Bennett, Smith and Sanchez:4571011123:debit:MIR:6336:2008-01-24
429:Pruitt Group:4573027708:credit:MIR:5841:1980-09-03
430:Herring, Simpson and Rodriguez:4508593733:debit:MIR:71391:1989-11-11
431:Robinson-Wright:4559674906:debit:MASTERCARD:76124:1973-02-05
432:Harris-Miller:4518930778:credit:VISA:45932:2015-04-20
433:Humphrey, Sparks and Green:4596826574:debit:VISA:50015:2003-01-27
434:Murray Ltd:4516191719:debit:VISA:42073:1988-02-06
435:Rodriguez-James:4503308021:credit:VISA:66005:1978-12-17
436:Schwartz-Lewis:4557103205:credit:VISA:72949:2022-03-10
437:Hughes, Medina and Ramirez:4524747787:debit:MASTERCARD:95495:1972-05-17
438:Howard-Bullock:4554980079:debit:MIR:46402:2005-07-30
439:Stone Group:4529779371:credit:VISA:43741:1986-05-02
440:Copeland PLC:4584496391:credit:MASTERCARD:78815:2006-05-07
441:Irwin, Hatfield and Rush:4554815396:credit:MASTERCARD:92288:2018-04-11
442:Mckee Inc:4597235974:debit:MASTERCARD:61556:2006-12-12
443:Walsh PLC:4555762059:credit:VISA:4413:2010-04-20
444:Walters, Owens and Holt:4554367894:debit:MIR:85378:2008-10-09
445:Reyes, Pitts and Cabrera:4536809728:debit:VISA:57564:1987-12-21
446:Tyler PLC:4543661219:debit:MASTERCARD:64693:1984-06-24
447:Coleman, Wolf and Hubbard:4580360381:debit:MIR:2489:2007-11-16
448:Ayala-Powers:4547695484:credit:MIR:69596:1995-03-15
449:Ayala-Powers:4508916236:debit:MASTERCARD:42232:1993-10-03
450:Roberts-Khan:4516278354:debit:MIR:98399:2020-04-13
451:Carlson-Wright:4518930778:credit:VISA:12004:2015-09-17
452:Walters, Abbott and Delacruz:4576839138:debit:MIR:4688:2004-12-30
453:Erickson-Schwartz:4585502837:debit:MIR:26411:2008-12-09
454:Sweeney Inc:4596071305:credit:MASTERCARD:12365:1988-07-19
455:Allen-Spears:4571603118:credit:MIR:1829:1998-02-25
456:Marshall LLC:4596745431:debit:VISA:89950:1973-03-21
457:Lee-Jones:4578691783:credit:MASTERCARD:95662:1990-07-17
458:Terrell, Meadows and Velez:4556417103:credit:MASTERCARD:43901:2013-09-21
459:Porter Ltd:4596911164:debit:MIR:61905:1986-01-31
460:Crawford PLC:4509336970:debit:MIR:20502:2016-07-26
461:Molina-Williams:4502134881:credit:MASTERCARD:12659:2010-07-01
462:Griffin LLC:4508286722:credit:MASTERCARD:48935:1979-08-25
463:Myers, Walter and Walters:4570594437:credit:VISA:75661:2012-05-09
464:Velez-Chavez:4572885287:debit:VISA:43149:1975-03-25
465:Carr, Young and Frederick:4589411865:credit:MIR:65618:1980-06-08
466:Burns and Sons:4565035890:debit:MASTERCARD:10748:1995-10-09
467:Boyd, Blair and Whitehead:4550744658:debit:MASTERCARD:28863:2020-04-18
468:Cordova Inc:4568359438:debit:MIR:27328:1981-05-08
469:Howard-Acosta:4599177873:debit:VISA:16746:1975-03-13
470:Wright-Smith:4580333106:debit:MASTERCARD:16450:2008-05-27
471:Gonzalez Ltd:4595611575:credit:MASTERCARD:55476:1987-01-10
472:Grant Group:4573157503:credit:MASTERCARD:34290:2018-04-29
473:Bell PLC:4537766517:credit:MIR:76885:1979-12-14
474:Nguyen Inc:4524320234:credit:MASTERCARD:38588:2008-10-07
475:Walker-Goodwin:4526153764:debit:VISA:60518:2001-07-07
476:Thompson-Garcia:4531246033:credit:VISA:6791:2011-11-07
477:Mason and Sons:4509102640:credit:MIR:17100:2013-09-11
478:Ferrell-Mahoney:4560416307:debit:MASTERCARD:96148:1996-02-04
479:Heath, Terry and Adkins:4570442084:credit:MIR:49490:2010-02-10
480:Todd Group:4557353782:credit:MIR:87927:2001-09-06
481:Stewart-Smith:4539765304:debit:MASTERCARD:65510:1997-12-22
482:Walter-Williams:4547275073:credit:VISA:78337:1997-09-12
483:Stout-Thornton:4537180729:debit:MASTERCARD:20940:2011-04-30
484:Beasley LLC:4527716598:debit:VISA:80234:1980-07-09
485:Vincent-Mccoy:4554048085:credit:MASTERCARD:11244:1998-05-04
486:Cherry-Thompson:4572623641:debit:MASTERCARD:70685:1980-07-13
487:Scott Inc:4586200852:credit:VISA:59619:2022-01-21
488:Nielsen, Carr and Deleon:4522079681:credit:MIR:39945:1978-12-17
489:Mitchell Ltd:4569210790:credit:VISA:76465:2010-11-09
490:Morris-Lang:4509735783:debit:VISA:38084:1985-03-03
491:Reilly PLC:4578691783:debit:MASTERCARD:35371:2015-03-23
492:Harris, Duncan and Colon:4517870651:credit:MASTERCARD:29728:2020-10-24
493:Hudson Ltd:4527050560:credit:MIR:33160:1979-03-25
494:Rodriguez and Sons:4594598485:credit:MASTERCARD:7369:1978-05-11
495:Hayes-Noble:4594468699:credit:MASTERCARD:36904:2008-04-11
496:Russell Ltd:4573327980:debit:VISA:71698:2005-12-12
497:Navarro, Hodges and Warren:4592770787:debit:VISA:83451:1983-11-23
498:Graham, Patterson and Gordon:4538024670:debit:VISA:36840:2008-04-11
499:Cruz, Mccarthy and Rubio:4530770947:credit:MASTERCARD:279:2020-07-13
500:Jackson-Russell:4585482547:credit:VISA:5441:2006-08-14
501:Cain PLC:4509134665:debit:MASTERCARD:37403:2010-10-27
502:Woodard-Spencer:4541211564:debit:VISA:68086:1982-03-27
503:Baker-Boyer:4542654473:credit:VISA:73039:2007-03-18
504:Gomez and Sons:4565642123:debit:MIR:97837:1996-02-26
505:Myers-Solis:4536017233:credit:MASTERCARD:52974:2019-09-20
506:Nguyen PLC:4509536469:credit:MASTERCARD:88051:1996-05-20
507:Wright, Cook and Day:4569814660:credit:MIR:14734:1999-06-29
508:Bonilla, Hebert and Peck:4590578087:debit:VISA:80269:1999-01-03
509:Byrd-Parrish:4515042019:debit:MIR:24902:1986-12-23
510:Brown PLC:4508597774:credit:MIR:59187:1997-05-12
511:Smith, Cooper and West:4564508846:credit:VISA:20622:2008-08-18
512:Joseph-Johnson:4575127536:debit:MIR:37711:2017-11-18
513:Sanchez Group:4518166906:credit:VISA:68213:1988-09-01
514:Porter Ltd:4502000487:credit:VISA:86660:1990-09-01
515:Alvarez, Elliott and Morgan:4574338341:debit:VISA:44063:2020-03-14
516:Moyer, Mitchell and Boyle:4507456933:credit:VISA:95480:2006-11-02
517:Fernandez, Williams and Miller:4531157212:debit:VISA:91368:1988-02-07
518:Simpson, Martin and Nichols:4596911164:debit:VISA:21188:2007-03-14
519:Young-Young:4575521101:credit:VISA:15993:1973-09-15
520:Rivera Group:4588220215:credit:MASTERCARD:82414:2000-03-04
521:Santiago PLC:4548359786:credit:MASTERCARD:85639:1988-11-03
522:White and Sons:4561176579:credit:MASTERCARD:18666:1972-11-02
523:Tran, Everett and Sullivan:4531519959:credit:MIR:24210:1996-01-27
524:Henry-Collier:4532610204:debit:VISA:77322:2011-01-28
525:Martin-Stewart:4562277904:credit:MASTERCARD:59630:1992-05-13
526:Herrera Inc:4598850893:credit:MASTERCARD:61547:2017-09-08
527:Phillips, Phelps and Wilson:4583345183:credit:MIR:79741:1989-01-03
528:Lee Ltd:4539765304:debit:MIR:25251:1976-03-30
529:Ramirez, Harris and Jones:4568882935:credit:MIR:93082:2014-01-30
530:Smith-Velasquez:4595803957:debit:MASTERCARD:96939:2001-04-16
531:Cain-Lopez:4567874409:debit:MIR:19105:1984-05-27
532:Barron, Ford and Johnson:4509735783:debit:MASTERCARD:84328:2017-04-21
533:Gibson, Hansen and Warren:4563394967:debit:MIR:39217:2018-01-31
534:Smith-Velazquez:4595803957:debit:MASTERCARD:47022:2021-06-14
535:Richardson, Rogers and Fry:4580011581:credit:MIR:59924:1994-03-30
536:Phelps Group:4533409217:debit:VISA:61417:2004-11-02
537:Foster and Sons:4512843083:credit:VISA:65557:2016-10-03
538:Blevins Inc:4508621067:credit:MASTERCARD:36308:1994-11-25
539:Baker, Bradford and Neal:4530504211:debit:MIR:24001:2012-05-15
540:White-Shea:4582178082:debit:VISA:46489:1972-06-09
541:Bell-Smith:4528493739:credit:VISA:78778:1986-07-19
542:Davila Inc:4544635078:credit:MASTERCARD:89476:1970-12-10
543:Fowler-Kent:4528399352:debit:MIR:95895:2008-12-23
544:Ali-Jordan:4597848436:credit:MIR:99450:1993-03-12
545:Mcclure Group:4574736804:debit:VISA:87768:1996-08-30
546:Carlson-Wright:4593129135:credit:VISA:54949:1998-10-03
547:Zhang, Merritt and Hughes:4572823144:debit:MASTERCARD:80438:2013-02-04
548:Norman, Davis and Garcia:4566471314:credit:VISA:93041:1997-08-04
549:Leonard, Munoz and Sellers:4512827898:credit:VISA:40941:2014-09-19
550:Arnold Ltd:4540242623:debit:MIR:69158:1989-05-27
551:Garcia-Trujillo:4517967481:credit:VISA:5075:1977-09-27
552:Jensen-Grant:4507456933:credit:MIR:22879:2014-08-20
553:Porter-Monroe:4515731017:debit:VISA:33020:2015-08-02
554:Williams, Mcintyre and Carter:4525101724:debit:MASTERCARD:87962:2006-12-01
555:Martinez-Gutierrez:4594119831:debit:MIR:33468:2008-06-01
556:Ortiz, Hutchinson and Lopez:4509293640:credit:MIR:71078:1998-12-06
557:Duran LLC:4516046273:credit:VISA:80158:1999-08-09
558:Anderson Group:4553883868:credit:VISA:46106:2002-08-23
559:Stout-Leonard:4506667822:debit:MIR:98900:1984-01-10
560:Ross-Irwin:4579464561:credit:MASTERCARD:66115:2003-12-13
561:Henderson and Sons:4508796759:debit:MASTERCARD:57515:1972-06-17
562:Campbell LLC:4547987724:debit:VISA:98488:1974-04-17
563:Brooks, Hines and Scott:4577477215:credit:MIR:69425:1983-09-06
564:Wolf-Russell:4530685032:credit:MIR:41755:2000-06-07
565:Bentley, Oliver and Wallace:4591507641:debit:VISA:50691:1999-07-21
566:Armstrong, Salazar and Young:4539765304:debit:MIR:95390:1998-12-16
567:Spears, Figueroa and Rivera:4551247752:credit:MASTERCARD:98270:1996-04-16
568:Jacobs, Foster and Obrien:4515577541:credit:VISA:59649:2020-07-16
569:Ortiz-Cooper:4585719721:debit:MASTERCARD:82502:1972-05-08
570:Moore Group:4535607337:debit:VISA:53633:2001-02-08
571:Mcconnell LLC:4543395261:credit:VISA:74230:1994-07-02
572:Hamilton-Ferguson:4509293640:credit:MASTERCARD:85671:2006-10-14
573:Morris-Hill:4547275073:credit:MASTERCARD:65612:1982-09-01
574:Saunders and Sons:4598777544:credit:MIR:57847:2006-08-20
575:Copeland PLC:4588732395:credit:MASTERCARD:48405:1992-04-07
576:Nguyen PLC:4508127742:debit:MIR:13701:1975-08-03
577:Scott, Green and Jones:4509185004:debit:MASTERCARD:92062:1993-12-30
578:Lee-Jones:4531564433:credit:VISA:18807:1984-07-05
579:Adkins-Morton:4521799282:debit:VISA:14398:1983-08-05
580:Coleman, Garcia and Hood:4513597593:debit:MIR:35894:1980-04-10
581:Ross PLC:4504995803:debit:VISA:74869:1971-12-21
582:Morgan-Thompson:4518612672:credit:MIR:64247:2022-05-06
583:Johnson-Rojas:4509693816:credit:MASTERCARD:33332:2021-06-07
584:Meza, Thompson and Holden:4554815396:debit:MASTERCARD:33687:1972-10-25
585:Olson Group:4560578836:credit:MASTERCARD:49021:1988-01-05
586:Lloyd Ltd:4535523793:debit:VISA:30481:2005-07-11
587:Payne-Wilkins:4585530605:debit:MASTERCARD:20558:1998-05-02
588:Taylor, Matthews and Riley:4567063328:credit:VISA:7375:1980-12-19
589:Morgan, Smith and Lutz:4515738125:credit:VISA:25829:2021-10-06
590:Ferrell-Mahoney:4580510422:credit:MASTERCARD:55622:1984-10-30
591:Osborne, Ward and Walker:4591252432:debit:MIR:69311:1971-06-24
592:Payne-Ward:4514710969:debit:MIR:98348:1992-07-09
593:Walters, Abbott and Delacruz:4563092842:debit:MASTERCARD:75617:2021-11-06
594:Brown, Pearson and Sharp:4567878352:debit:VISA:29558:1998-08-21
595:Lopez Inc:4531594712:credit:MASTERCARD:75848:2012-08-06
596:Todd Inc:4531519959:credit:VISA:20970:1974-11-19
597:Galvan and Sons:4581380401:debit:MIR:1033:2011-02-12
598:Porter Ltd:4529704534:debit:MASTERCARD:23574:1996-10-03
599:Wyatt PLC:4517288858:debit:MIR:85888:1988-06-22
600:Jones, Johnston and Kelly:4549464220:credit:VISA:24150:1986-07-09
601:Fuentes-Mccormick:4590983944:credit:MASTERCARD:34263:1974-12-23
602:Moon-Sanchez:4512962480:credit:MASTERCARD:11779:2020-06-11
603:Jacobs Ltd:4524906388:debit:MIR:86997:1983-05-03
604:Johnson-Long:4509536469:debit:MIR:76086:1995-10-31
605:Watson Inc:4583295009:credit:MASTERCARD:27066:1983-10-27
606:Harris, Duncan and Colon:4596523433:credit:MIR:40584:1993-07-31
607:Wright, Cook and Day:4554829946:credit:VISA:78753:1983-09-23
608:Warren Ltd:4599147271:debit:VISA:66259:2016-06-09
609:Smith, Anthony and Fleming:4593604618:debit:VISA:56504:2006-08-23
610:Anderson, Everett and Horn:4563498464:debit:MIR:24536:2005-10-30
611:George, Gardner and Cole:4581197173:credit:MASTERCARD:75523:1973-01-02
612:Davis-Taylor:4513184194:debit:VISA:86313:2016-12-14
613:Vargas Ltd:4537722408:credit:VISA:90520:1975-08-12
614:Montoya-Gutierrez:4573346405:debit:MASTERCARD:43465:1991-08-09
615:Wong, Wright and Edwards:4527124388:credit:MASTERCARD:17174:1986-06-12
616:Walker-Suarez:4516677551:credit:MIR:63474:1999-06-07
617:Rodriguez-James:4564738980:debit:VISA:56254:2004-02-11
618:Mosley-Howell:4593866821:credit:VISA:61549:1972-10-20
619:Bates Inc:4500417924:debit:MIR:66999:1999-10-26
620:Jensen-Grant:4516677551:debit:MIR:6947:2006-08-15
621:Adams, Stokes and Blanchard:4503859339:credit:MIR:48420:2002-09-16
622:Hodge-Moore:4532393152:credit:VISA:34371:2011-01-18
623:Smith-Gonzales:4548145561:credit:VISA:69376:1999-01-16
624:Kirby LLC:4517328006:debit:VISA:35400:1991-09-22
625:Phillips-Charles:4540926379:debit:MIR:74093:2017-01-29
626:Kim, Haynes and Brown:4514186914:debit:MIR:85350:1977-08-12
627:Vargas Ltd:4562322554:credit:MASTERCARD:41338:2011-11-20
628:Perry-Walter:4568850997:debit:MASTERCARD:24071:1991-02-11
629:Marshall LLC:4583744364:credit:VISA:52584:1976-05-27
630:Baker, Bradford and Neal:4596270098:debit:MASTERCARD:43981:2004-07-07
631:Ramirez, Harris and Jones:4530008525:debit:MASTERCARD:29781:1985-09-11
632:Wright-Weber:4544635078:debit:MIR:965:2012-09-20
633:Peterson, Williams and Walker:4598267303:debit:VISA:2411:1980-06-20
634:Smith-Gonzales:4529966480:debit:VISA:70693:2003-05-16
635:Johnson, Murphy and Dodson:4507488965:credit:MASTERCARD:24280:2018-07-20
636:Williams-Ruiz:4578836285:credit:VISA:54096:2017-06-29
637:Clark-Robertson:4512889130:credit:MASTERCARD:82037:1989-11-16
638:Kim-Francis:4572480847:debit:MIR:11642:1971-03-05
639:King-Golden:4583279817:credit:MASTERCARD:43166:1979-11-08
640:Jacobs, Huang and Butler:4517288858:credit:VISA:13482:1991-11-09
641:Parker-Sanchez:4594523658:credit:MIR:57096:1981-12-27
642:Cherry-Thompson:4504938275:credit:MIR:47843:2003-12-30
643:Petty-Banks:4544995039:debit:MASTERCARD:5417:2015-05-17
644:Mcgrath PLC:4586830994:debit:VISA:82458:1979-04-21
645:Burke PLC:4571760864:debit:MIR:65899:1998-12-29
646:Johnson-Adkins:4538676887:debit:MASTERCARD:36164:2011-06-01
647:Anderson LLC:4571542576:debit:MIR:12267:1975-03-17
648:Vincent-Galloway:4577576434:credit:MASTERCARD:90938:2020-07-28
649:Perkins and Sons:4592116789:debit:VISA:42146:1977-05-28
650:White, Nelson and Butler:4547276937:credit:MIR:32923:1971-01-10
651:Mcfarland Group:4544635078:credit:MIR:95294:2009-03-29
652:Matthews Group:4505216697:debit:VISA:73103:2015-12-15
653:Brown, Pierce and Gomez:4531045619:credit:MIR:58464:1971-05-08
654:Padilla-Ward:4587950278:credit:VISA:83196:1983-10-12
655:Smith LLC:4522282586:debit:MASTERCARD:22109:1992-10-31
656:Khan-Hernandez:4585502837:debit:MASTERCARD:40310:1979-04-05
657:Ayala-Walker:4554829946:debit:MASTERCARD:20325:2012-10-16
658:Davila Inc:4568709179:debit:MIR:6479:2004-06-07
659:Clark, Perkins and Woods:4556567540:debit:MIR:43066:1997-02-13
660:West-Black:4566401783:debit:VISA:30058:2010-07-21
661:Powers-Gonzalez:4503507617:credit:MIR:48733:2003-11-28
662:Clark-Haynes:4567584743:debit:MASTERCARD:69575:1987-09-07
663:Cole-Mayo:4592116789:debit:VISA:17757:1982-04-23
664:Gibson Group:4507597756:credit:VISA:92243:2022-03-03
665:Porter, Gross and Nolan:4548145561:debit:VISA:86641:2015-03-16
666:Fox-Garner:4551428299:credit:MIR:69029:2014-06-18
667:Howard-Becker:4562246381:debit:MIR:22074:2014-11-12
668:Schwartz-Lewis:4590819348:debit:MASTERCARD:14310:2004-08-16
669:Gray-Jackson:4597235974:debit:MIR:92312:2012-10-02
670:Ross-Irwin:4524322083:debit:MASTERCARD:11976:1994-05-13
671:Zimmerman-Butler:4597671398:credit:MIR:63684:1995-02-28
672:Baker-Berry:4543732403:credit:VISA:95819:1970-11-27
673:Evans-Houston:4598823963:debit:VISA:95367:2006-07-07
674:Mckee, Harrell and Martinez:4538676887:credit:MIR:28006:1986-03-05
675:Jones, Johnson and Johnson:4531956954:debit:MASTERCARD:68133:2015-12-15
676:Summers Ltd:4526052771:debit:MASTERCARD:30341:1999-01-22
677:Bell and Sons:4552815796:debit:MASTERCARD:85504:1979-08-17
678:Bonilla, Hebert and Peck:4529457921:credit:VISA:21766:2001-02-11
679:Carrillo PLC:4542109275:credit:VISA:63602:2019-04-21
680:Crawford-Young:4512216441:debit:MASTERCARD:73667:2015-06-09
681:Gardner, Gill and Klein:4533653642:debit:MASTERCARD:9057:2020-04-08
682:Holland Group:4584763842:debit:VISA:92674:2015-09-29
683:West-Black:4556774414:credit:MIR:47079:2006-02-27
684:Freeman, Graves and Stewart:4520525163:credit:VISA:79470:2016-05-04
685:Padilla-White:4572823144:credit:VISA:64389:1981-03-09
686:Crosby Inc:4569814660:debit:VISA:73866:1975-04-20
687:Villarreal-Obrien:4574736804:credit:VISA:71814:2014-06-05
688:Mcknight-Case:4537192888:debit:MASTERCARD:24719:2012-04-20
689:Sanchez LLC:4540565259:debit:VISA:83798:2017-07-20
690:Mcguire LLC:4505244191:credit:MIR:73079:1974-08-11
691:Lee Ltd:4534863831:debit:MASTERCARD:77246:1992-06-10
692:Anderson LLC:4504934322:credit:VISA:27073:2019-12-17
693:James Inc:4512380743:debit:MIR:85838:2004-12-22
694:Pruitt-Cooke:4544596988:debit:MASTERCARD:4943:1974-04-02
695:Jones Ltd:4591997936:credit:MASTERCARD:84397:1984-08-18
696:Ryan-Berry:4593184853:debit:MIR:58931:1984-02-12
697:Hayden-Smith:4540686360:debit:MASTERCARD:79081:1994-12-30
698:Jones-Oliver:4544635078:credit:MIR:9958:2007-12-09
699:Suarez PLC:4503619506:debit:MIR:88768:2021-07-03
700:Crawford, Thomas and Holmes:4595865147:debit:MASTERCARD:62497:1991-09-24
701:Zhang, Merritt and Hughes:4592709460:debit:MIR:20605:2003-11-28
702:Byrd-Parrish:4596579593:debit:MIR:55469:1997-05-02
703:Ryan-Berry:4521328557:credit:MIR:23612:2000-10-29
704:Khan, Torres and Gonzalez:4593024901:credit:MIR:37875:1990-01-26
705:Butler LLC:4535796485:credit:VISA:6745:2006-06-03
706:Jones, Riley and Tanner:4566023453:debit:MIR:270:2020-11-15
707:Wilson LLC:4590578087:credit:MASTERCARD:22762:2014-06-10
708:Navarro, Hodges and Warren:4583695225:debit:MIR:46087:2022-05-16
709:Hart, Thomas and Frye:4543666532:credit:MIR:41574:2008-04-14
710:Moyer, Mitchell and Boyle:4532199352:debit:MIR:25160:1973-05-07
711:Thomas and Sons:4557582091:debit:MASTERCARD:30386:1990-06-16
712:Leon-Lin:4568552188:debit:MASTERCARD:79413:1994-06-18
713:Larsen-Taylor:4536112170:credit:MASTERCARD:16294:2006-09-09
714:Young-Young:4583744364:debit:MASTERCARD:4324:1977-06-15
715:Russell, Phillips and Sparks:4542706483:credit:MASTERCARD:87421:2014-02-17
716:Harper Inc:4514710969:debit:MASTERCARD:72304:1975-12-08
717:Nelson, Anderson and Walls:4550736751:credit:MASTERCARD:75792:1972-02-23
718:Scott Ltd:4583947396:credit:MASTERCARD:55187:1991-07-11
719:Lowe LLC:4586348281:debit:MASTERCARD:90135:2021-01-28
720:Moore, Lawrence and Deleon:4584651472:credit:MASTERCARD:20225:1986-12-14
721:Ruiz-Williams:4586151917:debit:MIR:36647:2022-05-01
722:Howe-Brown:4580776757:debit:VISA:57058:2014-06-23
723:Johnson-Moore:4533124856:credit:MIR:42472:1982-06-30
724:Fernandez, Murray and Hanson:4574860135:debit:VISA:97042:1976-11-12
725:Hill, Parsons and Lowe:4583695225:credit:VISA:22076:1989-11-08
726:Hawkins Ltd:4500417924:credit:VISA:48364:1970-02-05
727:Rivera, Sanders and Long:4538917499:credit:MASTERCARD:56426:2015-08-28
728:Cameron, Bradley and Hall:4521459429:debit:MIR:96602:2013-02-15
729:Williams Ltd:4574594313:debit:VISA:13236:1991-05-19
730:Hickman, Bradley and Weaver:4581380401:credit:MIR:86781:1978-06-14
731:Delgado Ltd:4507406922:credit:MIR:93902:2008-07-19
732:Rice Inc:4577774294:credit:MASTERCARD:46887:2014-10-06
733:Johnson LLC:4512216441:debit:VISA:84854:1994-07-08
734:Sanders-Miller:4511999159:debit:VISA:33630:1974-05-09
735:Nguyen-Ho:4592770787:credit:VISA:37862:1986-01-06
736:Weber-Valenzuela:4595803957:debit:VISA:64067:1970-09-24
737:Wells, Douglas and Silva:4552651105:debit:MASTERCARD:83426:1971-10-23
738:Phillips, Hill and Snyder:4572823144:credit:MIR:75402:1989-09-12
739:Coleman, Wolf and Hubbard:4574860135:credit:MASTERCARD:32336:1997-08-10
740:Brown Inc:4505956039:credit:MIR:31330:1988-08-01
741:Ramirez, Hernandez and Reid:4525148201:debit:MASTERCARD:9043:1992-06-13
742:Gomez and Sons:4521659820:credit:VISA:77864:1987-03-24
743:Ingram-Whitaker:4562976867:debit:MIR:84392:1996-05-29
744:Obrien-Davis:4515289465:credit:MASTERCARD:86411:1986-03-23
745:Campbell, Collins and Bennett:4582856090:credit:MASTERCARD:17700:2013-05-02
746:Padilla-White:4561187582:debit:MASTERCARD:84342:1994-07-08
747:Brown, Pierce and Gomez:4572253685:credit:MIR:57191:1976-06-12
748:Foster, May and Hanson:4544596988:credit:MIR:9704:1975-11-24
749:Taylor, Matthews and Riley:4549464220:credit:MASTERCARD:38348:2018-01-08
750:Johnson-Moore:4547682304:debit:VISA:20299:2017-08-19
751:Hamilton Ltd:4557582091:credit:VISA:52932:1983-02-19
752:Wright-Smith:4568594750:debit:VISA:95911:1984-12-14
753:Romero, Crawford and Gross:4548552880:debit:VISA:88300:2002-04-02
754:Harris-Miller:4502134881:credit:MASTERCARD:64401:1980-08-17
755:Smith, Boyd and Mccall:4518612672:credit:MIR:57299:1979-05-15
756:Mills-Robinson:4582032375:credit:VISA:74149:2017-12-25
757:Khan-Hernandez:4562976867:debit:MASTERCARD:23676:2019-12-09
758:Armstrong, Salazar and Young:4581136616:debit:MIR:732:2013-09-28
759:Hawkins Ltd:4567036249:credit:MIR:59209:2021-04-09
760:Bridges Ltd:4555506746:debit:MASTERCARD:3764:1983-11-03
761:Hopkins-Osborn:4541957876:credit:MIR:34311:1978-03-29
762:Rivera-Johnson:4590808253:debit:MASTERCARD:79294:2006-11-17
763:Herring, Simpson and Rodriguez:4582756710:credit:MASTERCARD:91846:2018-12-19
764:Rodriguez-Mcdaniel:4546480262:credit:VISA:71184:2013-07-06
765:Mercado-Wong:4568850997:credit:VISA:55575:2000-09-15
766:Walker-Tyler:4565035890:credit:VISA:18771:2004-01-22
767:Simon LLC:4523352917:debit:VISA:5672:1977-01-15
768:Henderson, Rodriguez and Wagner:4557426160:credit:VISA:72709:1998-03-06
769:Osborne, Ward and Walker:4591251532:credit:VISA:30507:1982-10-29
770:Williams-Howell:4556567540:debit:VISA:29944:2010-04-17
771:Barrett LLC:4593273813:debit:MASTERCARD:26633:2000-01-07
772:Shelton, Alvarado and Pierce:4532717970:debit:MASTERCARD:38148:1974-03-12
773:Harris, Duncan and Colon:4596378416:credit:VISA:59051:1976-11-14
774:Ellis, Brown and Williams:4576839138:credit:MIR:8120:1972-03-12
775:Spencer-Miller:4551428299:debit:MASTERCARD:35727:2006-02-25
776:White, Brown and Lawson:4530132041:credit:MIR:30740:2004-06-30
777:Leonard, Munoz and Sellers:4543788340:credit:VISA:24084:2013-01-03
778:Mack, Webb and Mosley:4547893538:debit:MASTERCARD:54477:2014-07-21
779:Summers Ltd:4521133951:debit:MIR:79501:1975-10-03
780:Morris, Mejia and Meyer:4504571662:credit:MASTERCARD:90504:1992-06-09
781:Boone, Reilly and Hill:4593355776:debit:MIR:1856:2019-07-02
782:Burch-Carlson:4518612672:debit:MASTERCARD:6927:1981-10-01
783:Riley Group:4583295009:debit:MIR:13010:2007-05-26
784:Hamilton and Sons:4527463968:credit:MIR:33771:1980-05-04
785:Nguyen-Ho:4558846280:debit:MIR:41959:1982-12-29
786:Williams-Ruiz:4554655075:debit:VISA:50934:1973-08-03
787:Graham, Patterson and Gordon:4535796485:credit:MIR:96233:1978-02-05
788:Anderson, Everett and Horn:4503859339:credit:MIR:77864:1979-11-25
789:Mccoy Ltd:4572215142:debit:MASTERCARD:97722:1987-11-17
790:Robinson-Smith:4572885287:credit:MASTERCARD:92052:2012-09-24
791:Richardson, Rogers and Fry:4506385929:debit:VISA:75439:2010-04-12
792:Spencer-Wilson:4515912595:credit:MIR:35867:1986-06-21
793:Miller-James:4535885002:debit:MASTERCARD:71851:2008-06-23
794:Suarez PLC:4568850997:debit:MASTERCARD:67956:2004-05-18
795:Petersen-Harrison:4599214641:debit:MIR:26837:1998-06-06
796:Young Group:4510647245:debit:MIR:32944:2013-05-12
797:Smith-Phelps:4576284947:credit:MIR:32252:1999-01-30
798:Johnson, Wilson and Nguyen:4570786662:credit:MIR:51153:1993-01-27
799:Houston, Drake and Mays:4594287648:credit:MASTERCARD:28525:2001-05-31
800:Acosta-Wilcox:4598544965:debit:MIR:9073:1987-03-20
801:Powers-Howard:4588220215:credit:MASTERCARD:64521:1980-03-26
802:Perry-Walter:4572907387:debit:MIR:4084:2021-10-31
803:Williams-Waller:4587778853:debit:VISA:96279:2007-05-13
804:Fields-Sandoval:4536459794:credit:MIR:58978:2002-12-16
805:Jones, Riley and Tanner:4586200852:debit:MASTERCARD:75799:1981-04-14
806:Ferrell, Chavez and Webb:4549214535:credit:MASTERCARD:34723:2021-04-09
807:Hughes, Medina and Ramirez:4597848436:debit:MASTERCARD:21350:2019-09-06
808:Boyd, Blair and Whitehead:4563498464:debit:VISA:76643:1976-10-14
809:Jones, Johnston and Kelly:4596270098:debit:MASTERCARD:90038:2015-03-24
810:Rodriguez-James:4588697298:credit:VISA:53150:2010-01-05
811:King, Smith and Gonzalez:4525052412:credit:VISA:10804:1990-07-12
812:Peters PLC:4540872365:credit:VISA:88109:1979-12-04
813:Thomas-Acosta:4584341976:debit:VISA:32854:2018-10-03
814:Myers-Foster:4527821407:credit:VISA:41332:1975-06-29
815:Fernandez, Murray and Hanson:4573136832:debit:MIR:8743:2010-10-12
816:Walker-Tyler:4584341976:credit:MIR:12508:1971-06-10
817:Walton, Mason and Lynch:4598448725:debit:MIR:25915:1979-12-10
818:Wong-Young:4574725041:debit:VISA:60514:1985-05-28
819:Hicks-Powell:4547511809:debit:MASTERCARD:60200:2022-02-16
820:Lee Ltd:4551428299:credit:MIR:10919:1989-03-21
821:Anderson, Frank and Jordan:4592664450:debit:MASTERCARD:38442:1980-01-12
822:Carr, Young and Frederick:4561187582:debit:MIR:74447:2013-03-24
823:Taylor-Porter:4529779371:debit:MASTERCARD:80427:1974-04-30
824:Lane, Martinez and Gomez:4518612672:debit:VISA:83235:1978-10-14
825:Ingram-Whitaker:4576709815:credit:VISA:91164:2004-08-05
826:Crawford-Young:4546034463:debit:MIR:99076:2004-11-02
827:Beck-Lindsey:4507990410:debit:MIR:87175:1991-09-30
828:Todd Group:4578859759:credit:VISA:70921:1999-08-12
829:Johnson Inc:4542791324:credit:MIR:57755:1975-10-21
830:Murray-Anderson:4521799282:debit:MIR:75329:1976-07-16
831:Allen, Morales and Foster:4508784538:debit:VISA:24819:2006-08-06
832:White, Nelson and Butler:4512962480:credit:MASTERCARD:81983:2004-07-21
833:Ross-Irwin:4549502518:credit:MASTERCARD:56697:2016-06-21
834:Thompson-Garcia:4556912468:credit:VISA:38058:1993-06-18
835:Cole, Freeman and Flores:4589254155:debit:MIR:39331:1976-12-24
836:Moore, Gordon and Howard:4573027708:credit:MIR:81235:1991-03-05
837:Mason Ltd:4550736751:debit:MIR:49998:1971-01-17
838:Davis, Olson and Smith:4585530605:debit:VISA:93714:1973-09-01
839:Santos LLC:4562277904:debit:MIR:61214:1994-11-02
840:Dickson-Pineda:4512130958:debit:MASTERCARD:59579:1980-10-10
841:Howe-Brown:4584496391:debit:MASTERCARD:14192:1975-06-04
842:Jacobs, Foster and Obrien:4589254155:credit:VISA:77756:1973-04-30
843:Jacobs Ltd:4552792466:debit:MIR:5942:2017-07-01
844:Garcia, Bentley and Barnes:4502000487:debit:MASTERCARD:75086:1990-03-04
845:Atkins, Elliott and Vaughan:4522705856:debit:MASTERCARD:18219:1980-02-12
846:Avery-Gordon:4581136616:credit:MASTERCARD:14959:1988-06-14
847:Graham, White and Willis:4550087280:credit:VISA:51871:1993-08-17
848:Ellis Inc:4597620730:debit:MASTERCARD:61962:1981-05-17
849:Johnson, Gray and Dawson:4533766508:debit:MIR:11381:1997-07-22
850:Bentley, Oliver and Wallace:4595712722:debit:MIR:5365:1974-06-15
851:Avila, Ortega and Owen:4537203984:debit:MASTERCARD:54681:2001-10-19
852:Arroyo, Osborne and Ford:4560995004:debit:VISA:76954:2022-04-09
853:Cortez LLC:4536920292:debit:MIR:41398:1997-12-29
854:Ingram-Whitaker:4505111343:debit:MASTERCARD:31717:1981-09-11
855:Williams, Martin and Henry:4533576192:credit:VISA:69007:1971-10-30
856:Jackson Ltd:4572885287:credit:VISA:12127:1977-04-02
857:Garcia-Patel:4597921326:debit:MASTERCARD:92191:1993-12-25
858:Sanders-Miller:4590843421:debit:VISA:90119:2015-09-03
859:Berry Group:4530587155:debit:VISA:46104:1987-03-19
860:Patterson LLC:4507065024:debit:MASTERCARD:78597:1974-05-17
861:Armstrong, Salazar and Young:4567063328:credit:MIR:760:2006-11-21
862:Ryan-Berry:4561567317:debit:VISA:19591:1971-01-24
863:Henderson, Rodriguez and Wagner:4554655075:credit:VISA:49516:1977-06-28
864:Anderson, Everett and Horn:4561700999:debit:MASTERCARD:82284:1974-05-27
865:Cole, Freeman and Flores:4533969088:credit:MASTERCARD:58824:2018-07-04
866:Vargas Ltd:4569448368:debit:MIR:77544:1987-04-12
867:King-Golden:4582971201:credit:MIR:49986:1970-07-16
868:Cordova Inc:4533829539:debit:VISA:74992:2000-11-04
869:Gray, Clark and Mays:4598823963:debit:MASTERCARD:36083:1997-02-14
870:Avila, Ortega and Owen:4562976867:credit:MASTERCARD:42532:1970-04-19
871:Harris Inc:4579740046:credit:MIR:33811:2001-08-21
872:Barnes, Evans and Sullivan:4515731017:credit:MIR:93681:1977-09-20
873:Nielsen, Carr and Deleon:4572565260:credit:VISA:3822:1990-11-08
874:Ayala-Andrews:4518367204:credit:MIR:1641:2007-02-11
875:Ponce, Evans and Montoya:4554048085:credit:MIR:59461:1980-02-20
876:Watson-Le:4524883372:credit:MASTERCARD:53103:1973-08-31
877:Smith, Boyd and Mccall:4536920292:debit:MASTERCARD:18891:1989-06-21
878:Morris, Ramirez and Davis:4579126606:credit:MIR:17630:1992-10-12
879:Pena, Williams and Rogers:4501137087:debit:MASTERCARD:85810:1973-12-17
880:Bell and Sons:4575246423:credit:VISA:34056:1971-09-09
881:Russell Ltd:4528371635:debit:MASTERCARD:70829:2011-03-28
882:Peterson PLC:4503475154:debit:MIR:67477:1987-04-17
883:Myers-Aguilar:4563902297:credit:VISA:89783:2016-02-13
884:Palmer-Mayo:4579464561:debit:MASTERCARD:40799:2008-05-23
885:Phelps Group:4585482547:credit:MIR:51062:1974-04-09
886:Phillips, Williams and Martinez:4573027708:debit:MIR:49579:2006-09-02
887:Palmer, Douglas and Miller:4537722408:debit:VISA:72519:2011-12-18
888:Smith-Mack:4575434547:debit:VISA:30299:2017-01-06
889:Smith-Maldonado:4550515928:debit:VISA:22368:2008-05-15
890:Carr, Young and Frederick:4521451217:debit:VISA:98476:2021-10-17
891:Kennedy, Fisher and Hill:4594716205:credit:MASTERCARD:98340:2005-06-09
892:Sanders-Mendoza:4598579125:debit:VISA:7003:1988-12-27
893:Rodriguez, Stuart and Rasmussen:4501422365:debit:MASTERCARD:13432:1973-05-24
894:Hodges-Thomas:4526153764:debit:MASTERCARD:13322:2004-10-20
895:Robinson-Smith:4596523433:credit:MASTERCARD:43667:1972-07-22
896:Jacobs, Foster and Obrien:4512365965:credit:MASTERCARD:75599:2020-06-15
897:Walton, Mason and Lynch:4537180729:debit:VISA:7624:1972-07-25
898:Miller-James:4547712499:credit:MASTERCARD:932:1982-11-27
899:Dorsey Ltd:4512728166:debit:MIR:63418:2003-11-20
900:Stark PLC:4575158700:debit:VISA:10129:1980-07-30
901:Melton, Marshall and Carroll:4542791324:debit:VISA:20055:1994-01-15
902:James-Lowery:4525148201:debit:MASTERCARD:83848:2018-08-09
903:Terrell, Meadows and Velez:4546085645:debit:VISA:84629:1989-05-15
904:Mcconnell LLC:4551449127:debit:MASTERCARD:74666:1985-05-16
905:Kelly, Potts and Padilla:4571481513:credit:MASTERCARD:78442:1997-04-08
906:Jones, Morris and Scott:4549503636:debit:MIR:4025:1983-12-20
907:Gonzalez, Manning and Martinez:4586676011:debit:MASTERCARD:33046:2008-12-30
908:Moses-Hutchinson:4527050560:debit:MIR:42982:1976-05-14
909:Escobar PLC:4542420180:credit:MASTERCARD:56981:1970-04-08
910:Dudley, Stanley and Dean:4527835353:debit:MIR:49588:1988-09-08
911:Ross-Romero:4585530605:debit:MIR:46014:2000-11-02
912:Lopez, Hudson and Myers:4590054053:credit:VISA:87529:2021-06-10
913:Thompson-Jenkins:4574736804:debit:MASTERCARD:16545:1992-06-18
914:Powell-Wilcox:4527463968:debit:VISA:66265:2021-03-06
915:Dixon-Vasquez:4548836057:debit:VISA:36079:2017-05-11
916:Johnson, Wilson and Nguyen:4530504211:credit:VISA:75333:2019-02-28
917:Baker-Berry:4568359438:debit:VISA:91538:1982-09-13
918:Shaw-Mcdowell:4570672432:credit:MIR:39297:1978-05-05
919:Phillips, Hill and Snyder:4591507641:credit:MIR:62747:1987-12-19
920:Black, Pope and Gomez:4531159896:debit:MIR:54049:2013-04-22
921:Smith PLC:4590673828:debit:VISA:42356:2004-08-23
922:Mcconnell, Ochoa and Sullivan:4543522606:credit:VISA:83013:2013-05-04
923:Moore-Carr:4588748953:credit:VISA:38802:1983-07-07
924:Phillips-Charles:4531287324:credit:VISA:89637:2011-05-04
925:Rodriguez-Burnett:4507148166:credit:VISA:11020:1976-08-02
926:Rodriguez Ltd:4561701808:credit:VISA:52433:2007-03-19
927:Miller, Mitchell and Mendez:4509336970:debit:MASTERCARD:8945:2010-02-01
928:Christian, Hood and Munoz:4516845208:debit:VISA:88248:1983-07-25
929:Gonzalez, Fowler and Cobb:4572215142:credit:MASTERCARD:10848:2004-09-23
930:Sanchez LLC:4521459429:debit:VISA:96453:2013-09-21
931:Suarez PLC:4516755126:debit:MIR:81632:1985-10-24
932:Hernandez, Price and Goodman:4581380401:debit:MIR:82780:1982-08-15
933:Johnston-Foster:4566030473:debit:MASTERCARD:62828:1976-04-11
934:Townsend, Young and Schneider:4534070541:credit:MASTERCARD:91592:1978-09-30
935:Lawson Group:4561701808:credit:VISA:70194:2004-04-01
936:Mack, Webb and Mosley:4538142966:credit:MASTERCARD:17938:1984-01-31
937:Nichols PLC:4572482309:debit:MASTERCARD:10759:1988-07-23
938:Ali-Jordan:4518612672:credit:MIR:9329:1985-07-19
939:Reed, Davis and Roberts:4557582091:debit:VISA:74891:2003-08-18
940:Gonzalez PLC:4572907387:credit:MASTERCARD:12296:1991-04-19
941:Kirby LLC:4572253685:debit:MASTERCARD:74514:1994-12-03
942:Lee, Watkins and Henderson:4593518427:debit:VISA:91045:2001-02-25
943:Torres-Reyes:4521452213:debit:VISA:31271:1994-02-07
944:Walker-Goodwin:4577774294:debit:MIR:57750:1975-01-21
945:King-Golden:4508720331:debit:MIR:24190:2002-11-25
946:Chandler Ltd:4579054792:debit:MASTERCARD:68318:1987-12-31
947:Freeman, Graves and Stewart:4527821407:debit:VISA:29124:2003-12-07
948:Fuller and Sons:4521452213:debit:MASTERCARD:35603:2005-06-27
949:Thompson LLC:4517012720:credit:MASTERCARD:96517:2019-03-15
950:Chavez-Adams:4521133951:credit:VISA:52048:2019-10-08
951:Bates Ltd:4532199352:debit:MASTERCARD:86057:1988-06-06
952:Stewart Inc:4594308366:credit:VISA:19950:1977-11-04
953:Moore-Carr:4593836791:credit:VISA:96003:2007-06-03
954:Smith-Phelps:4543395261:credit:MIR:67268:2002-03-04
955:Henry-Kennedy:4515042019:credit:VISA:68602:1999-05-29
956:Green-Morrison:4584288609:debit:MIR:93231:1982-08-03
957:Graves PLC:4584674321:credit:MIR:91504:2006-07-12
958:Doyle-Gates:4531222902:credit:VISA:48680:1978-04-11
959:Henderson and Sons:4575246423:credit:MASTERCARD:60224:2002-02-19
960:Lowe LLC:4507456933:debit:MIR:87556:2012-09-10
961:Arroyo, Osborne and Ford:4513329350:credit:MASTERCARD:28001:1992-09-15
962:Campbell, Burgess and West:4550430041:debit:MIR:56443:1980-10-19
963:Williams-Waller:4575734387:debit:MASTERCARD:5963:1993-06-25
964:Allison, Crane and Villa:4505111343:credit:MASTERCARD:15388:2020-09-05
965:Irwin, Hatfield and Rush:4513597593:debit:MIR:60875:1979-09-10
966:Hill, Parsons and Lowe:4571697297:debit:VISA:86010:2016-01-14
967:Lopez-Griffin:4592834973:credit:VISA:24156:2011-05-13
968:Jones, Johnston and Kelly:4540668158:credit:MIR:63099:2018-01-18
969:Diaz, Jennings and Griffin:4573327980:credit:VISA:39739:2022-04-25
970:Kim-Armstrong:4540813904:credit:VISA:26296:2012-12-18
971:Ross-Irwin:4540586778:debit:MIR:17344:2013-05-19
972:Roberts, Dunn and Smith:4517761724:debit:MASTERCARD:43284:1992-03-01
973:Kirby LLC:4590104585:credit:MIR:31491:2016-04-11
974:Reynolds, Burgess and Davenport:4540668158:credit:VISA:55356:1976-08-14
975:Smith, Anthony and Fleming:4519693616:debit:MIR:27167:2003-10-19
976:Freeman Ltd:4569814660:credit:MASTERCARD:71216:1999-04-21
977:Walton, Mason and Lynch:4516978411:debit:MIR:51053:1976-03-18
978:Nguyen, Anderson and Webb:4544211325:debit:MIR:66860:1982-07-29
979:Jacobs, Foster and Obrien:4536079037:credit:MIR:80917:1971-05-06
980:Santiago PLC:4540865765:credit:MIR:60086:2011-09-28
981:Padilla-Santiago:4549655836:debit:MASTERCARD:53781:1987-03-27
982:Moore, Lawrence and Deleon:4526052771:credit:MASTERCARD:2254:1986-09-28
983:Fields-Sandoval:4540586778:debit:MASTERCARD:7232:1980-12-06
984:Khan-Hernandez:4513159632:credit:MASTERCARD:72383:2002-05-24
985:Daniels, Anderson and Hernandez:4523773761:credit:VISA:11546:1973-03-24
986:Khan, Torres and Gonzalez:4585437997:debit:MIR:61783:2018-01-27
987:Chavez-Adams:4523966180:debit:MIR:42424:1994-09-14
988:Gomez, Smith and Perkins:4531246033:debit:MIR:28424:1990-05-20
989:Rivera-Rowe:4567331651:credit:MASTERCARD:52579:1987-11-22
990:Ashley and Sons:4517044314:credit:VISA:41031:1996-04-20
991:Zimmerman-Butler:4519068159:credit:MIR:25551:1999-11-26
992:Freeman Ltd:4571760864:credit:VISA:62623:2006-11-09
993:Rogers-Hampton:4551247752:debit:VISA:55201:2020-03-01
994:Moore-Carr:4586200852:credit:VISA:87123:2004-10-19
995:Jones-Meadows:4545037273:credit:MIR:21471:1997-08-21
996:Grant LLC:4562263632:credit:VISA:33669:1978-04-10
997:Chang, Martin and Jones:4579740046:debit:MIR:89285:2020-05-24
998:Frank PLC:4544847308:debit:VISA:19797:2007-09-09
999:Powers-Gonzalez:4531246033:debit:MIR:25263:2004-06-21
