sstewart@example.net;rghsc
phoffman@example.net;yrLyg
donaldgutierrez@example.org;mRScy
andreawatson@example.com;KuFER
ericaanderson@example.com;EIGNV
andreaschroeder@example.org;gOncN
shelby89@example.org;tWNoC
michelleraymond@example.com;uoXnS
rebecca70@example.com;nqARN
ramseyanthony@example.org;AXqMt
scott56@example.com;vEHam
nancyalexander@example.net;AKnWv
jasminepark@example.org;QnZpK
qcompton@example.org;mKxFJ
wrightjonathon@example.com;vSEau
kelliemcintyre@example.com;dzSOl
john12@example.com;svsYq
brian36@example.com;vJNdu
nicole14@example.net;PBhNd
crosbyjennifer@example.com;JejrR
johndavis@example.com;XTsdQ
cameron54@example.org;ZOwBe
ashley24@example.org;DvArc
efletcher@example.org;OALxJ
phillip53@example.org;DBgLi
stanleykenneth@example.com;wvuzK
nicholas69@example.com;CegYR
omarlindsey@example.com;WgqrH
christopher26@example.com;mjktb
melinda53@example.org;wFplN
jberry@example.net;LKdCu
greeves@example.org;DLZzT
bjohnson@example.org;NZSFF
bwashington@example.org;sApmV
gregdavis@example.com;dBBbR
paul99@example.net;tgPaG
christinabrock@example.net;tjwyk
ffigueroa@example.net;ynLUd
paulgordon@example.net;LWDSR
angelawalsh@example.com;aylxy
marissarhodes@example.net;pEynt
hbarrett@example.org;mjNxs
danielwilliams@example.org;xdkPs
lovealex@example.org;sRpNk
smithpatty@example.org;rsTzB
bishopamanda@example.net;WgOzZ
fmiller@example.com;lNoCU
lsimmons@example.net;ubFrX
jane52@example.com;PRzib
maddoxdustin@example.com;jUhBT
megansanchez@example.net;cUCJm
johnsonandrew@example.org;TzyqQ
sgolden@example.com;VFQFb
john50@example.com;FnszZ
zacharyrobbins@example.org;YgoxX
vlogan@example.com;uHJEK
thudson@example.net;AMgAI
smeyer@example.org;cHXUx
rebeccacooper@example.com;rNVSd
brittanycastro@example.org;mFicC
romerowilliam@example.org;nXuSA
rbullock@example.net;rByEe
hlynn@example.com;auEDp
troy90@example.org;WSLtU
chavezwilliam@example.com;MEllQ
larsenlauren@example.net;IdStb
iford@example.com;JuKNC
camachoanne@example.org;moZwt
bakerjoseph@example.org;WbAFK
ccooper@example.com;MHXJW
robert22@example.org;VswGC
mahoneybreanna@example.org;bCQKb
albertharvey@example.net;UMMLG
roachtracy@example.net;MrkfX
sfitzgerald@example.net;ZqlqT
campbellcatherine@example.com;FuNpG
smithcaleb@example.net;oBdUC
davismorgan@example.com;SMMxq
pcortez@example.com;twSLT
sparks@example.org;rvJsl
daviserin@example.net;KKmYm
davisjoseph@example.org;atqUP
ylawrence@example.net;DdZyp
christensengloria@example.com;LDYvm
vtucker@example.org;mGEjn
callahanangela@example.com;iQYVq
nealchristine@example.org;lFIrf
toddscott@example.org;MJtqe
bryan03@example.org;bnrHj
joanncantu@example.org;XWFja
cannonronnie@example.com;vyBJN
qward@example.net;cGDyM
traci78@example.com;Ewuqc
kevinrussell@example.org;RyoJm
ashley51@example.org;JqPIx
stanleyrebecca@example.net;fNoJz
dudleyshaun@example.org;euJmN
eholmes@example.org;hgvif
evanslauren@example.net;iQyuU
bryan44@example.net;VFBzP
cjackson@example.org;TwbMN
ronaldmanning@example.org;hVTUf
ewaters@example.net;ovRZx
rachel28@example.net;XGQNM
theresa91@example.net;qJTQq
gli@example.org;IasQd
ahall@example.com;FsGyd
ysmith@example.org;yoThw
williamsmelissa@example.com;qQMkn
briannapierce@example.com;dsqVG
dyoung@example.net;ClrBT
davidrivas@example.org;kchFV
raymond69@example.com;tUIoA
kathy11@example.org;vwYpb
reynoldsmelissa@example.org;QCOSL
petersedwin@example.org;maLRX
jonesthomas@example.org;YkNyF
maryhunter@example.org;nUEcY
dianamorales@example.org;jUTOa
dianewerner@example.org;fSNUn
smithoscar@example.net;txkWx
beckermargaret@example.com;nVEBd
nunezryan@example.com;wBJMn
woodsronald@example.com;rSxYW
fhart@example.org;TkaXy
pedwards@example.com;bnNxC
xvelazquez@example.org;xRRju
ethanrogers@example.com;xTUXP
danielle71@example.org;okCAg
maria70@example.org;lvxID
jonespatricia@example.net;bBAoq
landryjeremy@example.net;Pnqst
dgarrett@example.org;HqxkX
elizabeth95@example.net;qKITQ
chawkins@example.org;hPovL
jeffdennis@example.com;tipKh
williemontes@example.net;jjqRE
lesliemiller@example.net;QydLw
antonio74@example.com;tIArm
tdavis@example.net;udCmg
larseneric@example.org;mCWiR
drichmond@example.org;IVzws
mariahpope@example.net;anDcy
reneeklein@example.com;qCtMf
rhondakim@example.org;llpwh
benjamin12@example.net;JKLIz
mchurch@example.com;caKjp
uhamilton@example.org;eJAlo
tristanmay@example.net;GJxfM
jcummings@example.net;Gmuzt
patrickhiggins@example.org;cqFXr
jeffreyscott@example.net;MUcFx
richardwhite@example.org;yCFOj
rogersraymond@example.com;CJeOP
baxterkaren@example.com;Knshn
adriancontreras@example.com;VrFgI
amyperez@example.com;sPiOT
randydixon@example.org;BXlWu
scott07@example.net;vWTwi
travis98@example.com;WSdiV
tara50@example.net;jIJBD
hughesjoshua@example.com;FxzMk
brian27@example.org;CdytB
huntchristopher@example.org;shOrr
brandon21@example.com;OeAFg
ebarnes@example.com;uLqDB
apowell@example.org;xirKL
tiffanylewis@example.com;NUfZP
jonathan26@example.org;pozTO
daniel55@example.com;cJLwo
thompsonmary@example.org;jcaCI
lindseypeters@example.org;QJWWL
stephaniereyes@example.net;ytdJv
stevenjackson@example.net;Vubri
gabriellalopez@example.com;IZaIx
kathy63@example.net;oOEBa
jrobbins@example.com;BPkFp
marissa13@example.com;kabnH
jason07@example.com;zGEzd
conniewright@example.com;xlrCt
kristenrojas@example.com;zugzl
ccox@example.net;WSizn
wileydesiree@example.org;htpAr
john96@example.net;tcDne
mollypratt@example.net;lBYLh
mistycampbell@example.org;fAUBO
veronica73@example.org;wHJco
karendunn@example.net;vBkVe
steven23@example.com;gWqBj
brownjustin@example.net;AMzcF
mary19@example.com;IyBnu
ihurst@example.net;Qrgzh
christopher40@example.org;wHooF
sramos@example.net;CwtGw
zterry@example.org;Gxkbn
katrinacook@example.net;liwVQ
petersjeremiah@example.net;QJgAD
dillonjenny@example.net;yyIKW
halejennifer@example.org;OGnAZ
melindahayes@example.com;ljTWU
lisavelazquez@example.net;blmhR
wrighttami@example.com;QxeDN
lambchristine@example.org;kvShO
blogan@example.com;JYVzJ
dickersonryan@example.net;yFIsD
juliadawson@example.org;dFfEO
karen43@example.net;KDkYJ
moniquerusso@example.net;RKuxj
michelle03@example.org;CvWFC
lesliewhite@example.com;mZTRn
brian22@example.com;Saeim
tonya52@example.net;hGwcL
elizabethblack@example.org;ObRCX
shannon90@example.org;CpiYe
lwalker@example.org;OhKKW
wjones@example.com;hyteD
ramosmonica@example.com;YoJrj
davidhodge@example.net;paRBz
rileyaustin@example.com;zAcIT
kellermichael@example.net;yJriy
stephanie19@example.org;zLoOM
mary73@example.org;tTjxZ
andrewchristian@example.com;zYHwk
zrussell@example.com;QkKel
timothylarson@example.com;SYwDW
nicholas66@example.org;nZdpc
stephenkelly@example.org;sEBUm
monroecassandra@example.com;Prvny
harold69@example.com;zPUdO
justin41@example.org;tcUXn
deannahunter@example.org;ATnSR
williamsmith@example.net;foLUW
xhines@example.org;CHszY
parksmorgan@example.net;ubAZh
johnsonanthony@example.net;BVFAK
qsimpson@example.com;LFPsO
allison69@example.org;sIGMb
lisashelton@example.net;kzVNI
edwardpotts@example.com;eseYA
phill@example.net;NJIKD
xhill@example.net;wDGLE
uwilliams@example.com;FsKgI
deborahdickson@example.org;Sbkty
jason18@example.net;gkbgE
paulhudson@example.org;kPXmZ
hallthomas@example.net;bUKvg
mitchellcrystal@example.org;MRIMi
julie65@example.com;RPKZH
pmoore@example.org;ObSLo
ryanmoyer@example.com;JyiPQ
cindy92@example.net;YDZvA
santiagocharles@example.net;fXUSe
jcortez@example.org;cRyOO
howardmichael@example.org;uatkV
rossterri@example.org;MLioI
charles99@example.net;avukN
chad35@example.net;VMTgM
azamora@example.com;vrLiP
swest@example.net;cIuiq
joseph89@example.org;VYxSk
nnorris@example.com;Xpsqh
bbishop@example.com;KKcea
ibell@example.org;fizsH
sheryllittle@example.org;QjNdz
rebecca94@example.com;vpBpr
david37@example.com;jHocX
cmorrison@example.net;lsZFY
sonyachase@example.com;BhUDs
pjohnston@example.org;iFOTY
tonyhowell@example.com;FCcTO
lcobb@example.net;ylxuu
xwright@example.org;KsOOo
aguilarmatthew@example.net;BIToM
tiffanyrogers@example.net;ALAoh
yreyes@example.com;fsJHV
grahampamela@example.net;DdNUp
wjackson@example.org;XDqUW
meghanfields@example.org;Amhep
janderson@example.net;Jtxzq
stephenconley@example.org;OKoHt
fgarcia@example.net;OJcbr
tonya77@example.org;pJFKP
kingrachael@example.com;tbRbH
catherine53@example.org;dfBwU
matthewbutler@example.com;IKZqQ
marshallchristina@example.org;IQaOX
susan22@example.net;pbJAv
jonathon98@example.com;btIwY
elizabeth29@example.net;Zcgnz
troy03@example.com;MbDeQ
petersonjessica@example.net;tEZfx
mprince@example.net;UFPnn
zburnett@example.net;jqZFg
bradleyfox@example.net;wTnIw
gary81@example.org;JNgXv
troymartin@example.com;AkEoD
samanthawalker@example.net;EfYTq
amanda45@example.com;tnyMl
lindseyortiz@example.org;bAifL
kenneth38@example.net;QecFj
albertlopez@example.com;JVzhJ
jasonwilliams@example.net;EBwEM
anthony90@example.net;drVPi
clewis@example.org;wxBAN
yrojas@example.com;lMmKE
dalehooper@example.org;GlajK
pgolden@example.org;qmuPq
patricia72@example.org;lJQtI
robin54@example.net;iCNbz
vwilkerson@example.org;ycbWJ
cameronbanks@example.com;YvmkJ
agoodwin@example.com;AxttD
laurasimpson@example.org;rKTnM
danieljohnson@example.org;fIAMr
aliciabishop@example.net;PfSLY
lukelam@example.org;qoaCz
barbarajenkins@example.com;UuJlf
mhardin@example.net;smrqV
alecmccullough@example.org;zIyLu
andrewsbrandi@example.net;LHhhL
padillajennifer@example.org;JgFcN
farrellkayla@example.com;qWVIu
iponce@example.com;jmwjP
joseph53@example.org;uwfgh
jessica80@example.net;hPnUn
lsmith@example.org;gfgiv
clayeric@example.com;OEmzI
mariahsantiago@example.net;pDxYQ
kathryndaniels@example.net;GOcIP
youngshannon@example.net;gqaqt
lesliepowers@example.org;GXuvb
schneidersusan@example.org;WtnZu
andreroberts@example.net;qKpgb
randy88@example.com;MInAf
douglas58@example.net;VMnMY
joshua66@example.net;WjtKX
matthewdorsey@example.org;TIuoi
hernandezmike@example.net;KxxsX
jeffrey57@example.org;mtxHd
brooksbrandon@example.org;Cpzzc
sextonjoann@example.net;WDlYe
nhoward@example.org;fvouU
mullenjeremy@example.org;ZxWfe
angelafox@example.net;UJKyU
mcfarlandsandra@example.net;Msvcf
vincentcruz@example.com;wbKpv
bgibson@example.org;tywIK
erica73@example.net;mqKrj
karenwolfe@example.org;tZIdK
kempshannon@example.net;tcOzd
kyle80@example.org;JTuWn
pdavis@example.net;NePbQ
levipalmer@example.net;adKEu
powelljoseph@example.net;mfGWy
brandon84@example.net;dEIDb
josephfrazier@example.net;pbUFF
mcconnellkenneth@example.com;XFGWY
ortegaelizabeth@example.org;hcRMa
lisa12@example.org;TTzwQ
stephen36@example.net;nsaCT
ckim@example.com;CPyOK
danielmcclain@example.org;vWBOP
mooreamanda@example.net;lyfdz
znguyen@example.org;EsOGt
lucasdunn@example.com;FYnwq
melissa08@example.org;GewFI
allenmichael@example.net;ZIIPG
dgentry@example.org;GtZvy
lrussell@example.net;jIiPt
gtorres@example.org;jlUrB
marc06@example.org;iQoYJ
connieschmidt@example.com;QuHxh
jeremy50@example.org;EHiWm
jimenezdanielle@example.net;VsXmX
williamskatherine@example.com;aOIBd
bennettkathleen@example.org;KgplQ
amandabush@example.org;UNMgC
caroline41@example.com;ojSlk
gilbertjoseph@example.net;GUUTv
andrew17@example.net;ukEoq
rothnathaniel@example.com;OTEGy
ylong@example.org;lUsBx
aspence@example.com;VOnVx
fjones@example.org;WZylJ
yfarrell@example.net;gWmcm
gjenkins@example.com;OtWcE
shannon07@example.net;RVUVA
sullivanheather@example.com;jxZHk
kaitlyn72@example.com;oDxZl
prubio@example.com;ZUFjf
douglasjohnson@example.com;oYXwP
jessica08@example.net;upGNl
olong@example.net;JKzpb
huntertrujillo@example.net;RdoRI
morganangela@example.com;sQxZZ
qgraham@example.org;grySk
kennethramsey@example.net;IOKhw
wolfmelissa@example.org;IHCQZ
kentwilliam@example.net;khaoP
amber71@example.org;QYrSS
mary93@example.net;CWAAn
margaret86@example.net;xjWmr
lynndanielle@example.net;NQQWG
christopher89@example.net;UCCWk
erinthomas@example.com;foxZX
john36@example.com;RaHnn
mary59@example.net;okbBx
kevin15@example.com;bbyee
jenniferdaniels@example.com;rbPsH
jeanne20@example.com;zMgwt
stevenhicks@example.com;ZayvZ
kathy93@example.com;ByYav
dawnhenderson@example.com;aAzmQ
craneelizabeth@example.net;CVGoA
stephencombs@example.org;wGjgU
kevinnovak@example.net;UjCtu
tmiller@example.net;FOPBk
sarah57@example.com;zsvdR
hillsamuel@example.com;gpdWz
harriscynthia@example.com;ZDFAO
lewissara@example.org;FUfzx
sextonchristopher@example.net;DtWDQ
nlopez@example.org;ddXla
yumonica@example.net;kPrgc
brian49@example.net;mxEez
ystark@example.net;LbJCd
robinsonjohn@example.net;jEUAh
davisaustin@example.net;LVudj
bgriffith@example.org;jAMHl
cory95@example.com;fQisp
ijames@example.com;vBFby
banksrachel@example.com;wdcNY
jeffrey29@example.org;xjAAi
shannon59@example.com;ofJWl
ymosley@example.net;XphMI
mossshelby@example.org;cjjti
hcarter@example.net;EdaEx
michaelmiller@example.net;iHrAz
sloanpaul@example.com;NKKZL
wmelton@example.org;HLBhc
duncanrachel@example.com;sduhB
barbara39@example.org;lrqou
freemancarla@example.net;NlqKn
jamesyoung@example.com;fZvNj
sarabean@example.org;PaUFo
jmorales@example.net;xDKgL
shawngriffin@example.org;MCGnz
taylorchad@example.org;aUimk
connie09@example.com;ZkQhO
ann01@example.com;woFdu
meyerwilliam@example.org;iMWMO
kelly54@example.net;LoTyw
floressamuel@example.net;LQuVb
melissa61@example.org;ZuzYN
honeill@example.net;sJgGB
christinahowell@example.org;FNDMo
duranjennifer@example.net;FhUFS
john91@example.org;hzZou
michellehull@example.org;pKvGS
robert75@example.org;hXcdJ
trichardson@example.com;VmUjy
tanner20@example.org;ElBYS
autumn02@example.net;ZMdUC
patriciaroberson@example.net;KfIRq
amyharrington@example.com;wswed
brownhannah@example.com;snCRE
dudleyerin@example.org;WQqWO
wbarnes@example.net;jLFuK
olsonkaren@example.net;tZQZF
zstokes@example.com;rmlxf
lori43@example.org;oSeCN
currylori@example.net;HhvdH
michaellong@example.com;rLwpL
lwashington@example.com;yJBsK
djones@example.net;dqxLZ
utorres@example.com;TewxP
debbieday@example.org;zJaqU
sethford@example.org;QpOoc
jamessmith@example.org;CAQaJ
alexis07@example.com;GvxmO
nlee@example.org;IHwfG
uwilliams@example.net;dApYG
penny39@example.com;fJkZH
jessica32@example.net;cTBqz
alyssa81@example.org;GidPh
rmartinez@example.net;qqRBK
josephcollier@example.org;MOrLo
briancraig@example.org;vxHwF
zcook@example.com;kMMci
bauereric@example.com;qfdhp
kellershane@example.net;VnCGW
krystal11@example.org;bZVts
murphysandra@example.org;avUWy
ebonystuart@example.org;iYepO
jodipierce@example.com;BOxTq
ncook@example.org;ozLQb
mmason@example.net;GmyiF
krista19@example.com;uegoG
gabrielwaller@example.net;GBtqP
brian07@example.com;Rwbby
kevinpham@example.net;WwcDg
awilkins@example.net;JNBZT
simpsonwanda@example.org;VbKiy
andrew35@example.com;Xuwmn
dawn01@example.org;SVfqC
watersluis@example.com;tRMqb
clawrence@example.net;SyXwN
msullivan@example.net;FejrA
brandon18@example.com;EtBJN
thomasmartinez@example.org;hXYOx
ashleypham@example.net;AZnTO
andersonderek@example.com;Ufhdw
chad19@example.net;ZaGnY
smithbrett@example.org;qamGK
davidlutz@example.net;XbIww
dwaller@example.com;dBJcJ
barrylisa@example.org;faIxC
anagarcia@example.net;fQnlm
jamesortega@example.com;EGlov
tyronehuang@example.com;HCfGQ
justin22@example.net;zSdJD
thomascordova@example.org;jieuQ
sarah90@example.org;jJKTv
sherriharrison@example.net;fpkKc
humphreyjohn@example.org;EBWKc
pharris@example.org;TCEZK
david83@example.com;JAeZN
moranmichelle@example.org;SrDol
wendyprice@example.org;JyUNY
cyoung@example.net;IvxdG
dwalker@example.net;RZRNM
sherry47@example.com;xDzNz
melindabradford@example.net;IEKgV
uross@example.org;gJWgl
nataliemarshall@example.net;NyEmt
wendy94@example.com;xgtRl
bdavis@example.com;zJHWm
hjohnson@example.net;syrvb
juanstone@example.com;lTQsI
laura35@example.com;pZfXG
alyssarios@example.com;PVEwB
jacksonrebecca@example.com;TKnUV
pattysanders@example.org;RjXSB
knightkatherine@example.com;ffqUJ
houstonjustin@example.net;ImMkZ
laura03@example.org;PlQHA
markbrown@example.org;dgddA
aaron73@example.org;iIifa
michaelsimpson@example.org;PGLtJ
smithmichael@example.net;FEfUA
aprilthomas@example.com;xiWJK
ewatson@example.com;NfJtd
burnettkathleen@example.org;qskwl
kimberlyharris@example.org;XKscN
rfrederick@example.net;wpREb
toddlewis@example.org;kOTKb
bradleysamantha@example.com;MBbTz
zachary42@example.com;xIUTy
michelle80@example.com;oQzJA
blakelane@example.net;YeKxp
qlambert@example.org;saZTv
blara@example.com;SkbZx
owensclifford@example.org;nZEIi
simpsonjames@example.net;IImkE
davidruiz@example.com;njjYr
travis58@example.com;UCFoP
rachel56@example.net;QnKiz
hyoung@example.net;yahCH
kimberly52@example.net;XBdcW
sdelacruz@example.com;cOKaW
ohernandez@example.org;mpZXs
williamssamantha@example.org;Mcjct
dgraves@example.org;OeUpI
uhess@example.net;ednDj
amy46@example.net;FpXPm
lwilson@example.net;rMvls
scott86@example.com;QlCYW
edward30@example.org;kjbFi
blackwellanthony@example.net;NRaOe
andrew56@example.com;vnGcM
ystone@example.org;drayc
jessica40@example.net;TLltn
lisa30@example.com;uOWhI
rubencarroll@example.org;QTWVU
nathan03@example.com;oTAQZ
david85@example.com;mwVZJ
victoriamiranda@example.org;jSJiX
david88@example.org;qxmZj
zachary17@example.org;RXAUN
hurstlatoya@example.com;SiZjb
david03@example.com;stBXM
othomas@example.com;BNOjz
susan28@example.com;qzPJp
uchristian@example.net;eIOFZ
johnkelley@example.org;NbBBt
arthur78@example.net;STEJg
meredith42@example.net;BzoHV
charles99@example.com;XFvxq
pduncan@example.org;qBBAA
turnertammy@example.com;DGebF
kyle70@example.net;NLMqF
dgross@example.org;KXwPT
thompsonmichael@example.com;VGatd
sarahbishop@example.org;ZXmvd
mitchellking@example.org;fZZrp
cindy53@example.com;qRGcu
uwalton@example.org;UAQDX
wendyphillips@example.com;fgHOY
allenrhonda@example.org;eKCdB
ricky19@example.net;SZeum
johnsonchristina@example.org;WoMBE
jennifer18@example.net;uOjlb
angelacampbell@example.org;CUEIx
lbutler@example.org;oYkJT
kent42@example.org;cItxl
smithfelicia@example.net;DnoFC
alyssa65@example.com;lhjuw
melodygreene@example.org;xktDq
megan42@example.org;uCjyC
lisa68@example.net;qgXtX
rosediane@example.net;BvzNb
perkinsdanny@example.net;lCuUL
thompsoncarmen@example.net;Yvhej
pattersonregina@example.net;nNgJt
johnathanparsons@example.net;GVPRx
mcfarlandanthony@example.net;dWMbH
michaelberry@example.net;VXLax
sharpmatthew@example.net;dONoA
crystal68@example.net;kprCl
allison00@example.com;wTMgA
kimdestiny@example.org;LZjeK
emily50@example.com;WbGlc
fsimmons@example.com;eBStw
hulljessica@example.org;cQHBj
timothyjohnson@example.com;lSKBX
housetroy@example.com;zwVUS
deborah84@example.net;nnrOX
alan71@example.net;IogrV
mark33@example.net;OeezK
tdaniel@example.net;ErpsG
xevans@example.com;lrOMj
wallacejesse@example.org;VDJhe
krystal56@example.com;ybNNj
courtney89@example.com;NITBl
mmcmillan@example.com;sCfTX
alyssa18@example.org;LeZPX
codymann@example.org;LrJdY
michaelblack@example.com;PmTub
stacy58@example.net;idPIS
pachecokaitlin@example.net;uZFpR
mitchellwilliams@example.org;NCZff
samanthaweaver@example.org;mTyZy
phendrix@example.net;SSCVR
aguilarcolleen@example.org;hZyjz
thomasberry@example.net;YYOhr
jfernandez@example.org;bQzCy
williambrooks@example.com;Ndqhd
xgregory@example.com;wbVxl
mwilliams@example.org;YxeKR
robinsonkenneth@example.net;sMXZc
gmiller@example.org;wQTnQ
zthompson@example.com;EvbiX
jeffreymiller@example.net;fFtsC
pwalton@example.org;judpp
michaelbrown@example.com;ubQJI
harrisonsarah@example.com;pPFYI
emilyanthony@example.net;ikXiU
aaron67@example.org;JFxmV
agonzalez@example.com;EMluD
fsantos@example.net;jDxPa
gilesthomas@example.org;eaRvB
heather64@example.org;zLTHB
levineamanda@example.org;MYMCI
matthewle@example.com;OxYaE
ivanhaynes@example.com;xvieP
fcrawford@example.org;NFdtv
romerotina@example.net;VTAis
melissa83@example.com;JcjWS
courtneysmith@example.com;DBQrT
deleonelizabeth@example.net;rjOBc
katiebanks@example.com;adbJo
caleballen@example.com;cfujL
veronicaduran@example.net;ehPhw
blee@example.org;arggI
ann33@example.com;sOVll
jonesalyssa@example.org;gYAnS
linda53@example.net;itHUR
dtapia@example.com;zXjrx
collinsjames@example.org;rsjzm
qhardy@example.org;zuzeg
zbell@example.com;uiLSP
jillkelly@example.com;dGIOf
jennifer29@example.net;LiOAF
gabriela84@example.com;VdxLP
williamsoncorey@example.org;lQhrn
agarcia@example.com;EdflC
rbarker@example.net;ZxZlB
lewisrobert@example.net;jhyhC
uthomas@example.com;mBHzB
robert37@example.net;atewI
jack35@example.net;rUIYe
cody79@example.org;ETvWe
christodd@example.org;baXoz
natasha60@example.com;WSxLS
nicolehicks@example.org;bSCFj
tyler95@example.org;wDCPe
elliotterica@example.org;EQUWg
hhancock@example.com;OkGkY
claudia24@example.net;gIGdR
timothy26@example.org;xpLlj
larry81@example.org;JEelG
christopher51@example.com;cSbYN
dbailey@example.com;pkJPP
joycepeterson@example.com;ZhCJE
yflores@example.net;wFUyo
walkerjennifer@example.com;xCeMH
laurendixon@example.org;KMuBO
pmay@example.net;fKWPB
ianderson@example.com;iDymq
robin27@example.org;fvfjj
fnovak@example.com;xqfSX
latoyagates@example.org;dETNL
jtaylor@example.com;kcnLy
lgray@example.org;hSwfX
uyoung@example.com;vZxNS
debra25@example.com;EcsEx
aarondominguez@example.com;rRekp
amyhays@example.com;JSskj
donald74@example.com;rRhIx
nicolebell@example.com;ixfzP
aturner@example.org;WXcKn
brownzoe@example.com;CvLRQ
dhall@example.org;xjSDA
john25@example.net;hsGKz
andrewcortez@example.com;ySQfs
mcameron@example.com;ViplJ
markcarey@example.org;yxVqh
josemartin@example.com;LbFOe
miketurner@example.com;rMFOX
floresjesus@example.org;OIPpn
xholmes@example.org;YaETX
robertrogers@example.net;PJaxq
brianafernandez@example.net;qnMGS
gordonbradley@example.org;WiyKj
wesleyevans@example.org;lXqhE
uchandler@example.net;auZnj
kevin67@example.net;xPNSF
jack41@example.com;LXUNz
malikheath@example.org;OEdBT
adamsamanda@example.net;YiclM
cabrerajose@example.com;vgAnh
harrissusan@example.net;MovRN
lukecrane@example.org;YVWGq
alejandro97@example.org;yAWUL
vgonzalez@example.net;HDTIy
ilee@example.net;wwIqk
brandonlee@example.com;ymTgg
jillianwood@example.net;UmILU
zwilliams@example.net;BQaVf
beardmatthew@example.net;ZcHUa
troygardner@example.org;yaIcx
hayesevan@example.org;dWtZv
lori20@example.org;DuDSc
jamesmoran@example.com;eyZHF
samanthajohnson@example.com;QCtjt
williamsdiane@example.net;oUjBq
shanetrujillo@example.com;Xmxvd
herringkelly@example.com;KrAhW
brownkeith@example.com;CePZk
cbrown@example.net;fRAoG
jasonnguyen@example.com;ugvuk
lsloan@example.net;uYurX
mblair@example.net;gVDys
panderson@example.net;rQoxc
kelly14@example.net;swHmF
richardsantana@example.net;xddhs
ryanrodriguez@example.com;vRvqB
simmonsandrew@example.com;BoscP
olara@example.org;tBHoY
graymaurice@example.net;lxwDM
bergercarmen@example.org;jjUOX
phillip50@example.net;ygEGl
kristifarmer@example.com;cqYra
nicholas62@example.com;jlvDa
tashablair@example.org;zNXAL
benjamin86@example.com;IICEp
lisa48@example.net;RFjjm
eflores@example.net;GDatU
patricia33@example.net;ghtFz
perrynicole@example.org;dFFHB
jjackson@example.org;GJffO
ericablack@example.com;ZQBkq
jennifer44@example.com;dUHON
nerickson@example.com;fCMpd
megan86@example.com;fWlKT
heidibrown@example.org;bSbBY
roy31@example.com;OcNyh
wrighttraci@example.org;CVXsk
joyadams@example.com;oZyQj
imcmahon@example.net;LjHwB
barbara18@example.com;dkczr
wjordan@example.net;AKxhq
michael22@example.org;FVGdQ
mwood@example.org;ICpKc
jenniferfuentes@example.net;yBLaO
james38@example.com;agmzM
edwardperez@example.net;YoAvC
rodriguezdavid@example.com;KEkkk
carlsanders@example.com;pSPqV
sanchezyolanda@example.com;xNkXT
courtneywilliams@example.org;twJcE
nicoleritter@example.com;XbpFm
davidhiggins@example.net;QOSEp
schaefervanessa@example.net;wUVwA
heatherlee@example.com;NjQhh
whill@example.org;XqVTz
thomas58@example.com;DTCND
burnsnicole@example.net;PGzpq
patriciacox@example.net;EjMDI
robertcarr@example.org;BxmBM
jonesnicole@example.net;lOepE
stacyscott@example.com;yMFKT
carrillobryce@example.org;RqBcV
zgarrison@example.com;tSXmZ
rkennedy@example.com;yxdEw
martin02@example.net;dEUvy
yhardin@example.net;kBBNU
greencynthia@example.org;gybCQ
mirandarebecca@example.org;vwvaX
karen80@example.com;yjiyc
cshelton@example.net;AAECT
michaelreid@example.com;sTdkk
millerrobert@example.net;HQXFl
smithkayla@example.net;LUKAZ
danielrussell@example.org;SPlXh
blake05@example.net;mefvC
markgarcia@example.com;QvYYp
martinheather@example.net;jozwq
nle@example.org;PHIuT
ojacobs@example.net;hQkoA
millercristian@example.net;kGyDU
xmiller@example.org;fMILO
mharrington@example.net;UePys
rcooper@example.net;LsMYD
terrancemitchell@example.net;hMRwA
charles33@example.org;WzIzD
franciselizabeth@example.com;kMarX
martinjones@example.org;gcoIP
barrettpaul@example.com;aNJCX
samuel48@example.com;cOHRc
brownwanda@example.net;ftcYP
brianmolina@example.org;tIVGq
dleach@example.net;KNtOe
jessicadavis@example.org;PsrAh
davidreyes@example.net;hRTOv
daviscaitlin@example.com;Kktrj
nicole93@example.net;SCvQI
lcooper@example.org;quwPU
linda55@example.com;QOIWv
tthomas@example.net;DXXDL
jack53@example.net;DqoHL
mbentley@example.com;gjhZq
pbass@example.net;mBnYW
rortega@example.com;zNqmk
lisa47@example.org;IRUBv
jennifer17@example.net;oaJag
andrewpeterson@example.com;UKvMP
pespinoza@example.com;uIEgK
jamie07@example.org;UAfkI
angela94@example.org;WuYvN
jamesbrown@example.net;IHCjN
lhoward@example.org;QjjBj
cristianwright@example.com;JyJqg
hjacobs@example.org;VgpGO
scottzachary@example.com;zhTpW
kperez@example.org;vFhiN
susanwheeler@example.org;WtJFp
jennifer86@example.org;HHIyW
websterjohn@example.com;SXkBB
rmanning@example.net;itKNg
kevin19@example.org;BGQHs
morrisdebra@example.com;YBgzz
kjones@example.com;ndcGg
kayala@example.net;TwuQU
melissa69@example.net;TdwGf
andrew43@example.net;Dusag
brittany69@example.org;BGNEG
jscott@example.com;RbgdQ
xarcher@example.net;wmRSq
traviscampos@example.net;RdleY
andersonrhonda@example.org;btlHu
michaelmcguire@example.org;IDOeF
wilsonjesus@example.org;XJFGr
williamsangela@example.net;KTutO
bjohnson@example.com;WVPGQ
cannonantonio@example.org;QfYuq
simpsonpatrick@example.net;sIvPV
aaron90@example.org;gOOkf
jenkinsrodney@example.org;qUlrT
hooddaniel@example.com;RxDnM
jay77@example.org;rrmIQ
xhill@example.org;yhAmU
kristinvazquez@example.com;hEIZa
mcfarlandbrooke@example.net;Ugehr
carlsonsergio@example.com;KMsLF
bcampbell@example.net;ivzRs
douglas03@example.com;cHJkh
matthewcontreras@example.org;ebMAF
xdowns@example.org;VmEmT
nelsontravis@example.org;XPKLV
astark@example.com;JeYPo
amanda18@example.org;QEGDF
wglover@example.org;ERqQE
veronicavance@example.net;RWcRw
mitchellmichael@example.net;HxObk
williamsandrew@example.com;fONcy
jamesyoder@example.org;mlDeM
thompsonjeremy@example.net;VysoL
jeffrey27@example.com;DDoVn
middletonsteven@example.com;lgMbq
alyssalong@example.net;vjIlo
morenochristina@example.org;bfNwj
dmata@example.com;RnkNB
pattersonamy@example.net;AuXuv
mark15@example.net;DLVOP
ian02@example.net;QcQWL
velazquezjennifer@example.com;cUhIP
andrew42@example.org;pAPEn
lwilliams@example.org;nOgMs
llong@example.net;rMlXb
parkeric@example.com;AxDGo
brownryan@example.com;wNYsg
elizabethclark@example.net;rDekp
monique82@example.net;blvLd
logan13@example.com;rTAcF
chasekyle@example.com;ngwfp
fjones@example.net;fYkiV
nicholsongregory@example.org;ShgUv
melissawoodard@example.com;AvvdN
timothy91@example.org;qnvmO
kfrederick@example.org;LDquU
ojohnson@example.org;vZavY
debbiehiggins@example.org;ULvcL
greenrachel@example.com;yojyg
gabrielle32@example.com;rCGTP
dixonsarah@example.com;pWlNr
codyrice@example.org;ZtHuU
katherinegilbert@example.com;AVmCL
boyletina@example.org;ZDdyn
amanda43@example.net;kjUpa
sstanley@example.org;wZJJf
williamwaters@example.net;oRRLI
thomas13@example.com;OHdhv
qdecker@example.com;COutL
wilsonmark@example.org;JaYGN
bwilliams@example.net;TmYgN
williamsmaureen@example.net;TKUpT
arthurortiz@example.com;ViTrP
carol37@example.com;OIGgk
harriscatherine@example.com;nWNgB
jimmy59@example.com;dMcVz
mackrachel@example.org;oslvq
thomas89@example.com;pOQFH
sarahtaylor@example.net;fDBsU
kirktroy@example.org;iJHFq
harrisluis@example.net;ICHfP
randy24@example.com;iFwZF
sharpanthony@example.net;ctamt
kevingreer@example.org;AGmOB
scott78@example.org;LFCDl
walkerjonathan@example.com;XPGFg
wallaceanthony@example.com;aeZoH
donaldhoward@example.org;ifVpx
kelleychristopher@example.net;qCbrc
gonzalesdavid@example.org;Wfuij
hamptongregory@example.net;sqfOU
sevans@example.com;sRQej
christopher40@example.com;IBWvr
steelejacob@example.com;mTqDB
stephaniethompson@example.org;ktdGr
markmurphy@example.com;xAsBf
karen90@example.net;IrrZz
villegasbonnie@example.net;FgCqq
kayla90@example.com;myksW
philip18@example.com;SBoZc
amanda43@example.org;bCpWE
olsenwhitney@example.com;TfKJa
herringkimberly@example.net;hDpiC
fvang@example.com;xFGby
vcastillo@example.org;XyLya
vanessa10@example.org;YkWvQ
paynemelanie@example.net;dqKok
jacquelinejones@example.net;HBAhQ
brownkaren@example.org;xFYyn
autumn23@example.org;dWOAF
brownlinda@example.org;duhMZ
wevans@example.net;RhxPa
andrewdecker@example.net;abylM
sandy08@example.org;YiAGE
owensgabriella@example.net;kPuvD
